queried_on,source_endpoint,queried_eppo_code,service,eppocode,prefname,class_id,class_label,bibref,eppo_code,host_eppo_code,host_scientific_name,host_common_name,host_relationship_label,source_host_code_column,source_host_name_column,host_scientific_clean,host_common_clean,host_text_clean,is_tomato_host,fao_item_name,target_crop,host_family,host_name_best
2026-05-06T14:07:53.808486,/taxons/taxon/AFCVD0/hosts,AFCVD0,hosts,LYPES,Solanum lycopersicum,10,Experimental,"* Hataya T (2024) Genetic diversity of apple fruit crinkle viroid populations in Japanese persimmons and the infectivity of a predominant sequence variant to tomato plants. European Journal of Plant Pathology 169(2), 273-285.

* Suzuki T, Fujibayashi M, Hataya T, Taneda A, He YH, Tsushima T, Duraisamy GS, Siglova K, Matousek J, Sano T (2017) Characterization of host-dependent mutations of apple fruit crinkle viroid replicating in newly identified experimental hosts suggests maintenance of stem-loop structures in the left-hand half of the molecule is important for replication. Journal of General Virology 98(3), 506-516.",AFCVD0,LYPES,Solanum lycopersicum,,Experimental,queried_eppo_code,prefname,solanum lycopersicum,,solanum lycopersicum ,True,Tomatoes,tomato,Solanaceae,Solanum lycopersicum
2026-05-06T14:07:55.292511,/taxons/taxon/AMV000/hosts,AMV000,hosts,LYPES,Solanum lycopersicum,9,Host,,AMV000,LYPES,Solanum lycopersicum,,Host,queried_eppo_code,prefname,solanum lycopersicum,,solanum lycopersicum ,True,Tomatoes,tomato,Solanaceae,Solanum lycopersicum
2026-05-06T14:07:57.162084,/taxons/taxon/APLV00/hosts,APLV00,hosts,LYPES,Solanum lycopersicum,10,Experimental,"* García W, Gandarillas A (1992) Incidencia virotica en campos de tubérculo-semilla de papa en certificación y campos comerciales [Virus incidence in potato tuber-seed fields in certification and commercial fields]. Revista de Agricultura. Facultad de Ciencias Agrícolas y Pecuarias, Universidad Mayor de San Simón. Cochabamba, Bolivia 21, 29–33.
------- As Lycopersicum esculentum cv. Kondine Red.",APLV00,LYPES,Solanum lycopersicum,,Experimental,queried_eppo_code,prefname,solanum lycopersicum,,solanum lycopersicum ,True,Tomatoes,tomato,Solanaceae,Solanum lycopersicum
2026-05-06T14:07:57.533327,/taxons/taxon/APMOV0/hosts,APMOV0,hosts,LYPES,Solanum lycopersicum,10,Experimental,"* Fribourg CE, Jones RAC, Koenig R (1977) Andean potato mottle, a new member of the Cowpea mosaic virus group. Phytopathology 67, 969-974.
------- As Lycopersicon esculentum. Lm (type train) tested. Symptomless systemic infection or mild mosaic depending on cultivar.",APMOV0,LYPES,Solanum lycopersicum,,Experimental,queried_eppo_code,prefname,solanum lycopersicum,,solanum lycopersicum ,True,Tomatoes,tomato,Solanaceae,Solanum lycopersicum
2026-05-06T14:07:59.781827,/taxons/taxon/BCTV00/hosts,BCTV00,hosts,LYPES,Solanum lycopersicum,9,Host,"* Chen L, Brannigan K, Clark R, Gilbertson RL (2010) Characterization of curtoviruses associated with curly top disease of tomato in California and monitoring for these viruses in beet leafhoppers. Plant Disease 94, 99-108.

* Severin HHP (1929) Additional host plnats of curly top. Hilgardia 20(3), 595-637.",BCTV00,LYPES,Solanum lycopersicum,,Host,queried_eppo_code,prefname,solanum lycopersicum,,solanum lycopersicum ,True,Tomatoes,tomato,Solanaceae,Solanum lycopersicum
2026-05-06T14:08:00.532490,/taxons/taxon/CBCVD0/hosts,CBCVD0,hosts,LYPES,Solanum lycopersicum,10,Experimental,"* Semancik JS, Vidalakis G (2005) The question of Citrus viroid IV as a Cocadviroid. Archives of Virology 150(6), 1059-1067.",CBCVD0,LYPES,Solanum lycopersicum,,Experimental,queried_eppo_code,prefname,solanum lycopersicum,,solanum lycopersicum ,True,Tomatoes,tomato,Solanaceae,Solanum lycopersicum
2026-05-06T14:08:00.903392,/taxons/taxon/CDV000/hosts,CDV000,hosts,LYPES,Solanum lycopersicum,9,Host,"* Tomitaka Y, Usugi T (2014) First report of mosaic disease caused by Colombian datura virus on Solanum lycopersicum plants commercially cultivated in Japan. Plant Disease 98(5), p 698.

* Verhoeven, JTJ, Lesemann DE, Roenhorst JW (1996) First report of Colombian datura potyvirus in tomato. European Journal of Plant Pathology 102, 895-898.",CDV000,LYPES,Solanum lycopersicum,,Host,queried_eppo_code,prefname,solanum lycopersicum,,solanum lycopersicum ,True,Tomatoes,tomato,Solanaceae,Solanum lycopersicum
2026-05-06T14:08:02.870794,/taxons/taxon/CHILCU/hosts,CHILCU,hosts,LYPES,Solanum lycopersicum,1,Major host,"* Brown JK, Zerbini FM, Navas-Castillo J, Moriones E, Ramos-Sobrinho R, Silva JCF, Fiallo-Olive E, Briddon RW, Hernández-Zepeda C, Idris A, Malathi VG, Martin DP, Rivera-Bustamante R, Ueda S, Varsani A (2015) Revision of Begomovirus taxonomy based on pairwise sequence comparisons. Archives of Virology 160, 1593-1619. https://doi.org/10.1007/s00705-015-2398-y
------- based on isolate considered as chilli leaf curl virus

* Sangeeta, Kumar RV, Yadav BK, Bhatt BS, Krishna R, Krishnan N, Karkute SG, Kumar S, Singh B, Singh AK (2023) Diverse begomovirus-betasatellite complexes cause tomato leaf curl disease in the western India. Virus Research 328, 199079. doi: 10.1016/j.virusres.2023.199079.
------- several isolates found on tomato

* Venkataravanappa V, Swarnalatha P, Reddy CNL, Chauhan N, Krishna Reddy M (2016) Association of recombinant Chilli leaf curl virus with enation leaf curl disease of tomato: a new host for chilli begomovirus in India. Phytoparasitica 44, 213-223.",CHILCU,LYPES,Solanum lycopersicum,,Major host,queried_eppo_code,prefname,solanum lycopersicum,,solanum lycopersicum ,True,Tomatoes,tomato,Solanaceae,Solanum lycopersicum
2026-05-06T14:08:03.981494,/taxons/taxon/CLCUGV/hosts,CLCUGV,hosts,LYPES,Solanum lycopersicum,9,Host,"* Al Shihi AA, Al Sadi AM, Deadman M, Briddon RW, Shahid MS (2018) Identification of a distinct strain of Cotton leaf curl Gezira virus infecting tomato in Oman. Journal of Phytopathology. 166(3), 199-205.",CLCUGV,LYPES,Solanum lycopersicum,,Host,queried_eppo_code,prefname,solanum lycopersicum,,solanum lycopersicum ,True,Tomatoes,tomato,Solanaceae,Solanum lycopersicum
2026-05-06T14:08:04.352292,/taxons/taxon/CLVD00/hosts,CLVD00,hosts,LYPES,Solanum lycopersicum,1,Major host,"* Bhuvitarkorn S, Klinkong S and Reanwarakorn K (2019) Enhancing Columnea latent viroid detection using reverse transcription loop-mediated isothermal amplification (RT-LAMP). International Journal of Agricultural Technology 15(2): 215-228
------- confirmed host",CLVD00,LYPES,Solanum lycopersicum,,Major host,queried_eppo_code,prefname,solanum lycopersicum,,solanum lycopersicum ,True,Tomatoes,tomato,Solanaceae,Solanum lycopersicum
2026-05-06T14:08:04.719996,/taxons/taxon/COLLAC/hosts,COLLAC,hosts,LYPES,Solanum lycopersicum,9,Host,,COLLAC,LYPES,Solanum lycopersicum,,Host,queried_eppo_code,prefname,solanum lycopersicum,,solanum lycopersicum ,True,Tomatoes,tomato,Solanaceae,Solanum lycopersicum
2026-05-06T14:08:05.097519,/taxons/taxon/COLLFC/hosts,COLLFC,hosts,LYPES,Solanum lycopersicum,9,Host,"* EFSA PLH Panel (EFSA Panel on Plant Health), Bragard C, Dehnen-Schmutz K, Di Serio F, Gonthier P, Jacques M-A, Jaques Miret JA, Justesen AF, MacLeod A, Magnusson CS, Milonas P, Navas-Cortes JA, Parnell S, Potting R, Thulke H-H, Van der Werf W, Civera AV, Yuen J, Zappala L,  Migheli Q, Vloutoglou I, Campese C, Maiorano A, Streissl F, Reignault PL (2021) Scientific Opinion on the pest categorisation of Colletotrichum fructicola. EFSA Journal 19(8), 6803, 41 pp",COLLFC,LYPES,Solanum lycopersicum,,Host,queried_eppo_code,prefname,solanum lycopersicum,,solanum lycopersicum ,True,Tomatoes,tomato,Solanaceae,Solanum lycopersicum
2026-05-06T14:08:05.474116,/taxons/taxon/CORBMI/hosts,CORBMI,hosts,LYPES,Solanum lycopersicum,1,Major host,"* Bradbury JF (1986) Guide to plant pathogenic bacteria. CAB International, Wallingford, UK, 332 pp.

* Smith EF (1910) A new tomato disease of economic importance. Science 803, 794–796.",CORBMI,LYPES,Solanum lycopersicum,,Major host,queried_eppo_code,prefname,solanum lycopersicum,,solanum lycopersicum ,True,Tomatoes,tomato,Solanaceae,Solanum lycopersicum
2026-05-06T14:08:05.847422,/taxons/taxon/CORBSE/hosts,CORBSE,hosts,LYPES,Solanum lycopersicum,9,Host,"* Van Vaerenbergh J, De Paepe B, Hoedekie A, Van Malderghem C, Zaluga J, De Vos P, Maes M (2016) Natural infection of Clavibacter michiganensis subsp. sepedonicus in tomato (Solanum lycopersicum). New Disease Reports 33, 7. http://dx.doi.org/10.5197/j.2044-0588.2016.033.007
------- Natural host.",CORBSE,LYPES,Solanum lycopersicum,,Host,queried_eppo_code,prefname,solanum lycopersicum,,solanum lycopersicum ,True,Tomatoes,tomato,Solanaceae,Solanum lycopersicum
2026-05-06T14:08:06.594866,/taxons/taxon/CPMMV0/hosts,CPMMV0,hosts,LYPES,Solanum lycopersicum,9,Host,"* Jeyanandarajah P, Brunt AA (1993) The natural occurrence, transmission, properties and possible affinities of Cowpea mild mottle virus. Journal of Phytopathology 137(2), 148-156.",CPMMV0,LYPES,Solanum lycopersicum,,Host,queried_eppo_code,prefname,solanum lycopersicum,,solanum lycopersicum ,True,Tomatoes,tomato,Solanaceae,Solanum lycopersicum
2026-05-06T14:08:06.965609,/taxons/taxon/CRLV00/hosts,CRLV00,hosts,LYPES,Solanum lycopersicum,9,Host,"* Bratsch SA, Grinstead S, Lockhart B, Mollow D (2020) Biological properties and genomic sequence of an isolate of cherry rasp leaf virus from tomato. Journal of Plant Pathology https://doi.org/10.1007/s42161-020-00522-5
------- Confirmed host.",CRLV00,LYPES,Solanum lycopersicum,,Host,queried_eppo_code,prefname,solanum lycopersicum,,solanum lycopersicum ,True,Tomatoes,tomato,Solanaceae,Solanum lycopersicum
2026-05-06T14:08:08.456277,/taxons/taxon/CSNV00/hosts,CSNV00,hosts,LYPES,Solanum lycopersicum,9,Host,"* Review of Plant Pathology, 78(4), p 368 (2778)

* Nagata T, Resende RD, Kitajima EW, Costa H, Inoue-Nagata AK, de Ávila AC (1998) First report of natural occurrence of zucchini lethal chlorosis tospovirus on cucumber and chrysanthemum stem necrosis tospovirus on tomato in Brazil. Plant Disease 82(12), 1403.",CSNV00,LYPES,Solanum lycopersicum,,Host,queried_eppo_code,prefname,solanum lycopersicum,,solanum lycopersicum ,True,Tomatoes,tomato,Solanaceae,Solanum lycopersicum
2026-05-06T14:08:08.833724,/taxons/taxon/CSVD00/hosts,CSVD00,hosts,LYPES,Solanum lycopersicum,10,Experimental,"* Yoon JY, Baek E, Palukaitis P (2012)Are there strains of Chrysanthemum stunt viroid? Journal of Plant Pathology 94(3), 697-701.",CSVD00,LYPES,Solanum lycopersicum,,Experimental,queried_eppo_code,prefname,solanum lycopersicum,,solanum lycopersicum ,True,Tomatoes,tomato,Solanaceae,Solanum lycopersicum
2026-05-06T14:08:13.450179,/taxons/taxon/DITYDI/hosts,DITYDI,hosts,LYPES,Solanum lycopersicum,9,Host,"* Goodey JB, Franklin MT, Hooper DJ (1965) T. Goodey's: The Nematode Parasites of Plants Catalogued Under Their Hosts. Commonwealth Agricultural Bureaux, Farnham Royal, Bucks, England. Third edition, 214 pp.",DITYDI,LYPES,Solanum lycopersicum,,Host,queried_eppo_code,prefname,solanum lycopersicum,,solanum lycopersicum ,True,Tomatoes,tomato,Solanaceae,Solanum lycopersicum
2026-05-06T14:08:14.932696,/taxons/taxon/EMDV00/hosts,EMDV00,hosts,LYPES,Solanum lycopersicum,9,Host,"* Mavrič I, Tušek Žnidarič M, Viršček Marn M, Dolničar P, Mehle N, Lesemann DE, Ravnikar M (2006) First report of Eggplant mottled dwarf virus in potato and tomato in Slovenia. New Disease Reports. hhttps://doi.org/10.1111/j.1365-3059.2006.01414.x",EMDV00,LYPES,Solanum lycopersicum,,Host,queried_eppo_code,prefname,solanum lycopersicum,,solanum lycopersicum ,True,Tomatoes,tomato,Solanaceae,Solanum lycopersicum
2026-05-06T14:08:18.610965,/taxons/taxon/ERWICD/hosts,ERWICD,hosts,LYPES,Solanum lycopersicum,9,Host,"* Samson R, Legendre JB, Christen R, Fischer-Le Saux M, Achouak W, Gardan L (2005) Transfer of Pectobacterium chrysanthemi (Burkholder et al., 1953) Brenner I. 1973 and Brenneria paradisiaca to the genus Dickeya gen. nov. as Dickeya chrysanthemi comb. nov and Dickeya paradisiaca comb. nov. and delineation of four novel species, Dickeya dadantii sp. nov., Dickeya dianthicola sp. nov., Dickeya dieffenbachiae sp. nov. and Dickeya zeae sp. nov. International Journal of Systematic and Evolutionary Microbiology 55, 1415–1427.",ERWICD,LYPES,Solanum lycopersicum,,Host,queried_eppo_code,prefname,solanum lycopersicum,,solanum lycopersicum ,True,Tomatoes,tomato,Solanaceae,Solanum lycopersicum
2026-05-06T14:08:18.981549,/taxons/taxon/ERWICH/hosts,ERWICH,hosts,LYPES,Solanum lycopersicum,9,Host,,ERWICH,LYPES,Solanum lycopersicum,,Host,queried_eppo_code,prefname,solanum lycopersicum,,solanum lycopersicum ,True,Tomatoes,tomato,Solanaceae,Solanum lycopersicum
2026-05-06T14:08:19.355081,/taxons/taxon/ERWIRH/hosts,ERWIRH,hosts,LYPES,Solanum lycopersicum,9,Host,"* Huang HC, Hsieh TF, Erickson RS (2003) Biology and epidemiology of Erwinia rhapontici, causal agent of pink seed and crown rot of plants. Plant Pathology Bulletin 12, 69-76.",ERWIRH,LYPES,Solanum lycopersicum,,Host,queried_eppo_code,prefname,solanum lycopersicum,,solanum lycopersicum ,True,Tomatoes,tomato,Solanaceae,Solanum lycopersicum
2026-05-06T14:08:20.842846,/taxons/taxon/FUSAFO/hosts,FUSAFO,hosts,LYPES,Solanum lycopersicum,10,Experimental,"* Amobonye A, Bhagwat P, Ranjith D, Mohanlall V, Pillai S (2021) Characterisation, pathogenicity and hydrolytic enzyme profiling of selected Fusarium species and their inhibition by novel coumarins. Archives of Microbiology 203, 3495-3508.
------- When inoculated tomato plants showed symptoms.

* Xie Z, Li H, Gao C, Wang J, Zhang X, Lu B, Yang L, Zhang Y, Gao J (2025) Cross pathogenicity, host range and molecular characteristics of Fusarium oxysporum species complex populations isolated from tobacco in Jilin Province, China. Plant Pathology 74(1), 84-100.
------- experimental host",FUSAFO,LYPES,Solanum lycopersicum,,Experimental,queried_eppo_code,prefname,solanum lycopersicum,,solanum lycopersicum ,True,Tomatoes,tomato,Solanaceae,Solanum lycopersicum
2026-05-06T14:08:21.214331,/taxons/taxon/FUSARL/hosts,FUSARL,hosts,LYPES,Solanum lycopersicum,1,Major host,,FUSARL,LYPES,Solanum lycopersicum,,Major host,queried_eppo_code,prefname,solanum lycopersicum,,solanum lycopersicum ,True,Tomatoes,tomato,Solanaceae,Solanum lycopersicum
2026-05-06T14:08:21.583067,/taxons/taxon/GBNV00/hosts,GBNV00,hosts,LYPES,Solanum lycopersicum,9,Host,"* Rai AK, Sadashiva AT, Basavaraj YB, Venugopalan R, Rao ES, Nandeesha P (2020) Genetic analysis of bud necrosis disease caused by groundnut bud necrosis virus (GBNV) in tomato (Solanum lycopersicum L.). Euphytica. 216(8), 125.",GBNV00,LYPES,Solanum lycopersicum,,Host,queried_eppo_code,prefname,solanum lycopersicum,,solanum lycopersicum ,True,Tomatoes,tomato,Solanaceae,Solanum lycopersicum
2026-05-06T14:08:21.950782,/taxons/taxon/GLOMGO/hosts,GLOMGO,hosts,LYPES,Solanum lycopersicum,9,Host,"* Nawaz HH, Anam U, He Q, Liu W B, Miao W (2019) First report of anthracnose caused by Colletotrichum gossypii on tomato in Hainan, China. Plant Disease 103 (1), 161. DOI:10.1094/PDIS-03-18-0412-PDN
------- confirmed host, near a field of cotton.",GLOMGO,LYPES,Solanum lycopersicum,,Host,queried_eppo_code,prefname,solanum lycopersicum,,solanum lycopersicum ,True,Tomatoes,tomato,Solanaceae,Solanum lycopersicum
2026-05-06T14:08:23.424848,/taxons/taxon/GRSV00/hosts,GRSV00,hosts,LYPES,Solanum lycopersicum,9,Host,"* Webster CG, Turechek WW, Mellinger HC, Frantz G, Roe N, Yonce H, Vallad GE, Adkins S (2011) Expansion of Groundnut ringspot virus host and geographic ranges in solanaceous vegetables in peninsular Florida. Plant Health Progress https://www.plantmanagementnetwork.org/pub/php/brief/2011/grsv/

* Williams LV, Lopez Lambertini PM, Shohara K, Biderbost EB (2001) Occurrence and geographical distribution of Tospovirus species infecting tomato crops in Argentina. Plant Disease 85(12), 1227-1229.",GRSV00,LYPES,Solanum lycopersicum,,Host,queried_eppo_code,prefname,solanum lycopersicum,,solanum lycopersicum ,True,Tomatoes,tomato,Solanaceae,Solanum lycopersicum
2026-05-06T14:08:25.754251,/taxons/taxon/HETDPA/hosts,HETDPA,hosts,LYPES,Solanum lycopersicum,9,Host,"* Price JA, Coyne D, Blok VC, Jones JT (2021) Potato cyst nematodes Globodera rostochiensis and G. pallida. Molecular Plant Pathology  22, 495-507. https://doi.org/10.1111/mpp.13047

* Sullivan MJ, Inserra RN, Franco J, Moreno-Leheude I, Greco N (2007) Potato cyst nematodes: Plant host status and their regulatory impact. Nematropica 37, 193-201.",HETDPA,LYPES,Solanum lycopersicum,,Host,queried_eppo_code,prefname,solanum lycopersicum,,solanum lycopersicum ,True,Tomatoes,tomato,Solanaceae,Solanum lycopersicum
2026-05-06T14:08:26.121237,/taxons/taxon/HETDRO/hosts,HETDRO,hosts,LYPES,Solanum lycopersicum,9,Host,"* Price JA, Coyne D, Blok VC, Jones JT (2021) Potato cyst nematodes Globodera rostochiensis and G. pallida. Molecular Plant Pathology  22, 495-507. https://doi.org/10.1111/mpp.13047

* Sullivan MJ, Inserra RN, Franco J, Moreno-Leheude I, Greco N (2007) Potato cyst nematodes: Plant host status and their regulatory impact. Nematropica 37, 193-201.",HETDRO,LYPES,Solanum lycopersicum,,Host,queried_eppo_code,prefname,solanum lycopersicum,,solanum lycopersicum ,True,Tomatoes,tomato,Solanaceae,Solanum lycopersicum
2026-05-06T14:08:27.604877,/taxons/taxon/INSV00/hosts,INSV00,hosts,LYPES,Solanum lycopersicum,9,Host,"* Adegbola RO, Marshall SH, Batuman O, Ullman DE, Gilbertson RL, Adkins S, Naidu RA (2019) Sequence analysis of the medium and small RNAs of impatiens necrotic spot virus reveals segment reassortment but not recombination.  Archives of Virology 164, 2829–2836.

* Daughtrey ML, Jones RK, Moyer JW, Daub ME, Baker JR (1997) Tospoviruses strike the greenhouse industry: INSV has become a major pathogen on flower crops. Plant Disease 81(11),  1220-1230.",INSV00,LYPES,Solanum lycopersicum,,Host,queried_eppo_code,prefname,solanum lycopersicum,,solanum lycopersicum ,True,Tomatoes,tomato,Solanaceae,Solanum lycopersicum
2026-05-06T14:08:28.722735,/taxons/taxon/LCV000/hosts,LCV000,hosts,LYPES,Solanum lycopersicum,9,Host,"* Zhang SB, Zhang DY, Liu Y, Luo XW, Liu MY, Du J, Wang MC (2017) First report of Lettuce chlorosis virus infecting tomato in China. Plant Disease 101(5), p 846.",LCV000,LYPES,Solanum lycopersicum,,Host,queried_eppo_code,prefname,solanum lycopersicum,,solanum lycopersicum ,True,Tomatoes,tomato,Solanaceae,Solanum lycopersicum
2026-05-06T14:08:30.559028,/taxons/taxon/LEV000/hosts,LEV000,hosts,LYPES,Solanum lycopersicum,9,Host,,LEV000,LYPES,Solanum lycopersicum,,Host,queried_eppo_code,prefname,solanum lycopersicum,,solanum lycopersicum ,True,Tomatoes,tomato,Solanaceae,Solanum lycopersicum
2026-05-06T14:08:30.931321,/taxons/taxon/LIBEAS/hosts,LIBEAS,hosts,LYPES,Solanum lycopersicum,10,Experimental,"* Duan YP, Gottwald T, Zhou LJ, Gabriel DW (2008) First report of dodder transmission of 'Candidatus Liberibacter asiaticus' to tomato (Lycopersicon esculentum). Plant Disease, 92(5), 831.",LIBEAS,LYPES,Solanum lycopersicum,,Experimental,queried_eppo_code,prefname,solanum lycopersicum,,solanum lycopersicum ,True,Tomatoes,tomato,Solanaceae,Solanum lycopersicum
2026-05-06T14:08:31.300279,/taxons/taxon/LIBEPS/hosts,LIBEPS,hosts,LYPES,Solanum lycopersicum,1,Major host,"* Ling KS, Lin H, Lexis Ivey ML, Shang W, Miller SA (2011) First report of 'Candidatus Liberibacter solanacearum' naturally infecting tomatoes in the state of Mexico, Mexico. Plant Disease 95(8), 1026-1027.",LIBEPS,LYPES,Solanum lycopersicum,,Major host,queried_eppo_code,prefname,solanum lycopersicum,,solanum lycopersicum ,True,Tomatoes,tomato,Solanaceae,Solanum lycopersicum
2026-05-06T14:08:33.630425,/taxons/taxon/MELGCH/hosts,MELGCH,hosts,LYPES,Solanum lycopersicum,1,Major host,"* Nyczepir AP, O'Bannon JH, Santo GS, Finley AM (1982) Incidence and distinguishing characteristics of Meloidogyne chitwoodi and M. hapla in potato from the northwestern United States. Journal of Nematology 14, 347-353.

* Santo GS, O'Bannon JH, Finley AM, Golden AM (1980) Occurrence and host range of a new root-knot nematode (Meloidogyne chitwoodi) in the Pacific northwest. Plant Disease 64, 951-952.",MELGCH,LYPES,Solanum lycopersicum,,Major host,queried_eppo_code,prefname,solanum lycopersicum,,solanum lycopersicum ,True,Tomatoes,tomato,Solanaceae,Solanum lycopersicum
2026-05-06T14:08:34.004104,/taxons/taxon/MELGET/hosts,MELGET,hosts,LYPES,Solanum lycopersicum,1,Major host,"* Carneiro R M D G, Gomes C B, Almeida M R A, Gomes A C M M & Martins I (2003) First record of Meloidogyne ethiopica Whitehead, 1968 on kiwi in Brazil and reaction of different plant species. (Primeiro Registro de Meloidogyne ethiopica Whitehead, 1968, em plantas de quivi no Brasil e reação em diferentes plantas cultivadas.). Nematologia Brasileira, 27(2), 151-158.

* Mandefro W & Dagne K (2000) Cytogenetic and esterase isozyme variation of root-knot nematode populations from Ethiopia. Afr. J. Plant. Prot. 10, 39-47.

* Gabriel M, Kulczynski SM, Belle C, Kirsch VG & Calderan-Bisognin A (2018) Reação de gramíneas forrageiras a Meloidogyne spp. e Pratylenchus brachyurus. Nematropica 48(2), 155-163.
-------In experiments, cv. Santa Cruz was found to be a good host.",MELGET,LYPES,Solanum lycopersicum,,Major host,queried_eppo_code,prefname,solanum lycopersicum,,solanum lycopersicum ,True,Tomatoes,tomato,Solanaceae,Solanum lycopersicum
2026-05-06T14:08:34.367997,/taxons/taxon/MELGEX/hosts,MELGEX,hosts,LYPES,Solanum lycopersicum,9,Host,,MELGEX,LYPES,Solanum lycopersicum,,Host,queried_eppo_code,prefname,solanum lycopersicum,,solanum lycopersicum ,True,Tomatoes,tomato,Solanaceae,Solanum lycopersicum
2026-05-06T14:08:34.735540,/taxons/taxon/MELGFA/hosts,MELGFA,hosts,LYPES,Solanum lycopersicum,1,Major host,"* Goossens JJM (1995) Host range test of Meloidogyne n.sp. In: Annual Report 1994 Diagnostic Centre, pp. 95-97. Plant Protection Service, Wageningen (NL).",MELGFA,LYPES,Solanum lycopersicum,,Major host,queried_eppo_code,prefname,solanum lycopersicum,,solanum lycopersicum ,True,Tomatoes,tomato,Solanaceae,Solanum lycopersicum
2026-05-06T14:08:35.102414,/taxons/taxon/MELGFL/hosts,MELGFL,hosts,LYPES,Solanum lycopersicum,9,Host,"* Marquez J, Forghani F, Hajihassani A (2021) First report of the root-knot nematode, Meloidogyne floridensis, on tomato in Georgia, USA. Plant Disease 105(4), 1228. https://doi.org/10.1094/PDIS-10-20-2286-PDN

* Marquez J, Hajihassani A (2023) Identification and virulence of five isolates of root-knot nematode Meloidogyne floridensis on vegetables. Plant Disease 107(5), 1522-15888.",MELGFL,LYPES,Solanum lycopersicum,,Host,queried_eppo_code,prefname,solanum lycopersicum,,solanum lycopersicum ,True,Tomatoes,tomato,Solanaceae,Solanum lycopersicum
2026-05-06T14:08:35.474764,/taxons/taxon/MELGGC/hosts,MELGGC,hosts,LYPES,Solanum lycopersicum,9,Host,"* EPPO (2023) Report of a pest risk analysis for Meloidogyne graminicola. EPPO, Paris. Available at https://gd.eppo.int/taxon/MELGGC/documents
------- conflicting publications on host status.

* Dabur KR, Taya AS & Bajaj HK (2004) Life cycle of Meloidogyne graminicola on paddy and its host range studies. Indian Journal of Nematology 34, 80-84.
------- does not support multiplication of Meloidogyne graminicola 

* Pan S, Liu C, Zhang F, Chen Z, Li Y (2022) First report of Meloidogyne graminicola on tomato (Solanum lycopersicum) in Hainan, China. Plant Disease 106(7), 2000-2001. https://doi.org/10.1094/PDIS-09-21-1942-PDN
------- confirmed host. Reproduction factor = 5.3

* Rusinque L, Maleita C, Abrantes I, Palomares-Rius JE, Inácio ML (2021) Meloidogyne graminicola - A threat to rice production: review update on distribution, biology, identification, and management. Biology 10, 1163. https://doi.org/10.3390/biology10111163
------- host.",MELGGC,LYPES,Solanum lycopersicum,,Host,queried_eppo_code,prefname,solanum lycopersicum,,solanum lycopersicum ,True,Tomatoes,tomato,Solanaceae,Solanum lycopersicum
2026-05-06T14:08:35.845686,/taxons/taxon/MELGLC/hosts,MELGLC,hosts,LYPES,Solanum lycopersicum,9,Host,"* Sen F, Aydinli (2021) Host status of cultivated crops to Meloidogyne luci. European Journal of Plant Pathology 161(3), 607-618.
------- In experiments, cvs. Barbaros F1, Falcon, H-2274, Rio Grande, Super Ancon were found to be excellent hosts.

* Strajnar P, Širca S, Knapič M & Urek G (2011) Effect of Slovenian climatic conditions on the development and survival of the root-knot nematode Meloidogyne ethiopica. European Journal of Plant Pathology 129, 81-88
-------In experiments, cv. San Marzano F1 was found to be an exelent host (RF = 91)",MELGLC,LYPES,Solanum lycopersicum,,Host,queried_eppo_code,prefname,solanum lycopersicum,,solanum lycopersicum ,True,Tomatoes,tomato,Solanaceae,Solanum lycopersicum
2026-05-06T14:08:36.211881,/taxons/taxon/MELGMA/hosts,MELGMA,hosts,LYPES,Solanum lycopersicum,9,Host,"* Ambrogioni L, Carletti B, Roversi PF (2014) Chapter 14 Nematodi galligeni pp. 338-365. In: Nematologia Agraria generale e applicata (Ambrogioni L., d'Errico F.P., Greco N., Marinari Palmisano A. Roversi P.F. eds.). Società Italiana di Nematologia - Tipografia Cuppini – Florence
------- confirmed host (in experimental conditions)",MELGMA,LYPES,Solanum lycopersicum,,Host,queried_eppo_code,prefname,solanum lycopersicum,,solanum lycopersicum ,True,Tomatoes,tomato,Solanaceae,Solanum lycopersicum
2026-05-06T14:08:36.673956,/taxons/taxon/MELGMY/hosts,MELGMY,hosts,LYPES,Solanum lycopersicum,1,Major host,"* Yang B, Eisenback JD (1983) Meloidogyne enterolobii n.sp. (Meloidogynidae), a root-knot nematode parasitizing pacara earpot tree in China. Journal of Nematology 15(3), 381–391

* Brito JA, Kaur R, Cetintas R, Stanley JD, Mendes ML, McAvoy EJ, Powers TO, Dickson DW (2008) Identification and isozyme characterization of Meloidogyne spp. infecting horticultural and agronomic drops, and weeds in Florida. Nematology 10(5), 757-766. https://doi.org/10.1163/156854108785787253
------- confirmed host as Solanum esculentum

* Kiewnick S, Karssen G, Brito JA, Oggenfuss M, Frey JE (2008) First report of root-knot nematode Meloidogyne enterolobii on tomato and cucumber in Switzerland. Plant Disease. 92, 1370.
------- confirmed host.",MELGMY,LYPES,Solanum lycopersicum,,Major host,queried_eppo_code,prefname,solanum lycopersicum,,solanum lycopersicum ,True,Tomatoes,tomato,Solanaceae,Solanum lycopersicum
2026-05-06T14:08:37.041243,/taxons/taxon/NACOBA/hosts,NACOBA,hosts,LYPES,Solanum lycopersicum,1,Major host,"* Manzanilla-López RH, Costilla MA, Doucet M, Inserra RN, Lehman PS, Cid del Prado-Vera I, Souza RM, Evans K (2002) The genus Nacobbus Thorne & Allen, 1944 (Nematoda: Pratylenchidae): systematics, distribution, biology and management. Nematropica 32, 149-226.",NACOBA,LYPES,Solanum lycopersicum,,Major host,queried_eppo_code,prefname,solanum lycopersicum,,solanum lycopersicum ,True,Tomatoes,tomato,Solanaceae,Solanum lycopersicum
2026-05-06T14:08:38.904233,/taxons/taxon/PBRSV0/hosts,PBRSV0,hosts,LYPES,Solanum lycopersicum,10,Experimental,"* Fribourg CE (1977) Andean potato calico strain of tobacco ringspot virus. Phytopathology 67, 174-178.
------- TRSV-Ca. As Lycopersicon esculentum.

* Salazar LF, Harrison BD (1978) Host range and properties of potato black ringspot virus. Annals of Applied Biology 90, 375-386.
------- PBRSV. As Lycopersicon esculentum cv. Kondine Red.",PBRSV0,LYPES,Solanum lycopersicum,,Experimental,queried_eppo_code,prefname,solanum lycopersicum,,solanum lycopersicum ,True,Tomatoes,tomato,Solanaceae,Solanum lycopersicum
2026-05-06T14:08:39.270774,/taxons/taxon/PCFVD0/hosts,PCFVD0,hosts,LYPES,Solanum lycopersicum,9,Host,"* Gibbs MJ, Chambers G, Seyb A, Mackie J, Constable F, Rodoni B, Letham D, Davis K (2013) First report of Pepper chat fruit viroid in traded tomato seed, an interception by Australian Biosecurity. Plant Disease 97(10), p 1386.

* Reanwarakorn K, Klinkong S, Porsoongnurn J (2011) First report of natural infection of Pepper chat fruit viroid in tomato plants in Thailand. New Disease Reports 24, 6. http://www.ndrs.org.uk/article.php?id=024006
------- Natural infection.

* Verhoeven JT, Jansen CC, Roenhorst JW, Flores R, de la Peña M (2009) Pepper chat fruit viroid: biological and molecular properties of a proposed new species of the genus Pospiviroid. Virus Research 144(1-2), 209-14. https://doi.org/10.1016/j.virusres.2009.05.002.
------- Symptoms observed after mechanical inoculation.",PCFVD0,LYPES,Solanum lycopersicum,,Host,queried_eppo_code,prefname,solanum lycopersicum,,solanum lycopersicum ,True,Tomatoes,tomato,Solanaceae,Solanum lycopersicum
2026-05-06T14:08:39.642411,/taxons/taxon/PDMV00/hosts,PDMV00,hosts,LYPES,Solanum lycopersicum,10,Experimental,,PDMV00,LYPES,Solanum lycopersicum,,Experimental,queried_eppo_code,prefname,solanum lycopersicum,,solanum lycopersicum ,True,Tomatoes,tomato,Solanaceae,Solanum lycopersicum
2026-05-06T14:08:40.012479,/taxons/taxon/PEPGMV/hosts,PEPGMV,hosts,LYPES,Solanum lycopersicum,1,Major host,,PEPGMV,LYPES,Solanum lycopersicum,,Major host,queried_eppo_code,prefname,solanum lycopersicum,,solanum lycopersicum ,True,Tomatoes,tomato,Solanaceae,Solanum lycopersicum
2026-05-06T14:08:40.380664,/taxons/taxon/PEPMTV/hosts,PEPMTV,hosts,LYPES,Solanum lycopersicum,10,Experimental,,PEPMTV,LYPES,Solanum lycopersicum,,Experimental,queried_eppo_code,prefname,solanum lycopersicum,,solanum lycopersicum ,True,Tomatoes,tomato,Solanaceae,Solanum lycopersicum
2026-05-06T14:08:40.754709,/taxons/taxon/PEPMV0/hosts,PEPMV0,hosts,LYPES,Solanum lycopersicum,1,Major host,"* Van der Vlugt RAA, Stijger CCMM, Verhoeven JThJ, Lesemann DE (2000) First report of Pepino mosaic virus on tomato. Plant Disease 84, 103.",PEPMV0,LYPES,Solanum lycopersicum,,Major host,queried_eppo_code,prefname,solanum lycopersicum,,solanum lycopersicum ,True,Tomatoes,tomato,Solanaceae,Solanum lycopersicum
2026-05-06T14:08:41.119967,/taxons/taxon/PEPRSV/hosts,PEPRSV,hosts,LYPES,Solanum lycopersicum,9,Host,"* Kitajima EW,  Costa AS (1969) Association of pepper ringspot virus (Brazilian tobacco rattle virus) and host cell mitochondria. Journal of General Virology, 4(2), 177-181.",PEPRSV,LYPES,Solanum lycopersicum,,Host,queried_eppo_code,prefname,solanum lycopersicum,,solanum lycopersicum ,True,Tomatoes,tomato,Solanaceae,Solanum lycopersicum
2026-05-06T14:08:44.178077,/taxons/taxon/PHYP01/hosts,PHYP01,hosts,LYPES,Solanum lycopersicum,9,Host,,PHYP01,LYPES,Solanum lycopersicum,,Host,queried_eppo_code,prefname,solanum lycopersicum,,solanum lycopersicum ,True,Tomatoes,tomato,Solanaceae,Solanum lycopersicum
2026-05-06T14:08:44.549455,/taxons/taxon/PHYP30/hosts,PHYP30,hosts,LYPES,Solanum lycopersicum,10,Experimental,"* Kirkpatrick BC (1995) Peach rosette. In: Compendium of stone fruit diseases. APS Press, St Paul, USA.

* Kunkel LO (1943) New hosts as a key to progress in plant virus disease research. In: Virus Diseases. Ithaca, USA: Rockerfeller Institute for Medical Research, 61-82.",PHYP30,LYPES,Solanum lycopersicum,,Experimental,queried_eppo_code,prefname,solanum lycopersicum,,solanum lycopersicum ,True,Tomatoes,tomato,Solanaceae,Solanum lycopersicum
2026-05-06T14:08:44.917430,/taxons/taxon/PHYPMA/hosts,PHYPMA,hosts,LYPES,Solanum lycopersicum,10,Experimental,"* Seemüller E, Carraro L, Jarausch W, Schneider B (2011) Apple proliferation phytoplasma. In: Hadidi A, Barba M, Candresse T, Jelkmann W (Eds) Virus and Virus-like Diseases of Pome and Stone fruits, APS, pp 67-73.",PHYPMA,LYPES,Solanum lycopersicum,,Experimental,queried_eppo_code,prefname,solanum lycopersicum,,solanum lycopersicum ,True,Tomatoes,tomato,Solanaceae,Solanum lycopersicum
2026-05-06T14:08:45.386412,/taxons/taxon/PHYPSO/hosts,PHYPSO,hosts,LYPES,Solanum lycopersicum,1,Major host,"* Ember I, Acs Z, Munyaneza JE, Crosslin JM, Kolber M (2011) Survey and molecular detection of phytoplasmas associated with potato in Romania and southern Russia. European Journal of Plant Pathology 130(3), 367-377.

* Quaglino F, Zhao Y, Casati P, Bulgari D, Bianco PA, Wei W, Davis RE (2013) ‘Candidatus Phytoplasma solani’, a novel taxon associated with stolbur- and bois noir-related diseases of plants. International Journal of Systematic and Evolutionary Microbiology 63, 2879-2894.",PHYPSO,LYPES,Solanum lycopersicum,,Major host,queried_eppo_code,prefname,solanum lycopersicum,,solanum lycopersicum ,True,Tomatoes,tomato,Solanaceae,Solanum lycopersicum
2026-05-06T14:08:45.757194,/taxons/taxon/PHYPTR/hosts,PHYPTR,hosts,LYPES,Solanum lycopersicum,9,Host,"* Hiruki C, Wang K (2004) Clover proliferation phytoplasma: 'Candidatus Phytoplasma trifolii'. International Journal of Systematic and Evolutionary Microbiology 54, 1349-1353.",PHYPTR,LYPES,Solanum lycopersicum,,Host,queried_eppo_code,prefname,solanum lycopersicum,,solanum lycopersicum ,True,Tomatoes,tomato,Solanaceae,Solanum lycopersicum
2026-05-06T14:08:46.126039,/taxons/taxon/PHYTCP/hosts,PHYTCP,hosts,LYPES,Solanum lycopersicum,9,Host,,PHYTCP,LYPES,Solanum lycopersicum,,Host,queried_eppo_code,prefname,solanum lycopersicum,,solanum lycopersicum ,True,Tomatoes,tomato,Solanaceae,Solanum lycopersicum
2026-05-06T14:08:46.494665,/taxons/taxon/PHYTCR/hosts,PHYTCR,hosts,LYPES,Solanum lycopersicum,9,Host,,PHYTCR,LYPES,Solanum lycopersicum,,Host,queried_eppo_code,prefname,solanum lycopersicum,,solanum lycopersicum ,True,Tomatoes,tomato,Solanaceae,Solanum lycopersicum
2026-05-06T14:08:46.865787,/taxons/taxon/PHYTNP/hosts,PHYTNP,hosts,LYPES,Solanum lycopersicum,9,Host,,PHYTNP,LYPES,Solanum lycopersicum,,Host,queried_eppo_code,prefname,solanum lycopersicum,,solanum lycopersicum ,True,Tomatoes,tomato,Solanaceae,Solanum lycopersicum
2026-05-06T14:08:47.235484,/taxons/taxon/PHYVV0/hosts,PHYVV0,hosts,LYPES,Solanum lycopersicum,9,Host,"* Idris AM, Lee SH, Brown JK (1999) First report of Chino del tomate and pepper huasteco geminiviruses in greenhouse-grown tomato in Sonora, Mexico. Plant Disease 83(4), p 396.",PHYVV0,LYPES,Solanum lycopersicum,,Host,queried_eppo_code,prefname,solanum lycopersicum,,solanum lycopersicum ,True,Tomatoes,tomato,Solanaceae,Solanum lycopersicum
2026-05-06T14:08:47.979472,/taxons/taxon/PLRV00/hosts,PLRV00,hosts,LYPES,Solanum lycopersicum,9,Host,"* Koç G (2020) Preliminarly survey results and phylogenetic analysis for Tomato yellow leaf curl virus and Potato leaf roll virus on tomato grown in Adana. International Journal of Agriculture, Environment and Food Sciences 4(2), 216-223.

* EFSA (2020) Scientific Opinion on the pest categorisation of potato leafroll virus (non-EU isolates). EFSA Journal 18(1), 5939. 35 pp. https://doi.org/10.2903/j.efsa.2020.5939
------- S. lycopersicon is also a host for the (non-European) isolates PLRV-TYTV",PLRV00,LYPES,Solanum lycopersicum,,Host,queried_eppo_code,prefname,solanum lycopersicum,,solanum lycopersicum ,True,Tomatoes,tomato,Solanaceae,Solanum lycopersicum
2026-05-06T14:08:49.834540,/taxons/taxon/POTRSV/hosts,POTRSV,hosts,LYPES,Solanum lycopersicum,10,Experimental,"* Alvarez Quinto RA, Amao M, Muller G, Fuentes S, Grinstead S, Fuentes-Bueno I, Roenhorst A, Westenberg M, Botermans M, Kreuze J, Mollov D (2023) Evidence that an unnamed isometric virus associated with potato rugose disease in Peru is a new species of torradovirus. Phytopathology 113(9), 1716-1728. https://doi.org/10.1094/PHYTO-11-22-0449-V
------- asymptomatic",POTRSV,LYPES,Solanum lycopersicum,,Experimental,queried_eppo_code,prefname,solanum lycopersicum,,solanum lycopersicum ,True,Tomatoes,tomato,Solanaceae,Solanum lycopersicum
2026-05-06T14:08:53.942024,/taxons/taxon/PSDMCI/hosts,PSDMCI,hosts,LYPES,Solanum lycopersicum,9,Host,"* Arshad S, Nematollahi S, Rouhrazi K, Khezrinejad N (2021) Characterization of Pseudomonas cichorii isolated from tomato and lettuce in Iran. Journal of Plant Pathology 103(3), 853-861.",PSDMCI,LYPES,Solanum lycopersicum,,Host,queried_eppo_code,prefname,solanum lycopersicum,,solanum lycopersicum ,True,Tomatoes,tomato,Solanaceae,Solanum lycopersicum
2026-05-06T14:08:54.311448,/taxons/taxon/PSDMS1/hosts,PSDMS1,hosts,LYPES,Solanum lycopersicum,1,Major host,,PSDMS1,LYPES,Solanum lycopersicum,,Major host,queried_eppo_code,prefname,solanum lycopersicum,,solanum lycopersicum ,True,Tomatoes,tomato,Solanaceae,Solanum lycopersicum
2026-05-06T14:08:54.681125,/taxons/taxon/PSDMS3/hosts,PSDMS3,hosts,LYPES,Solanum lycopersicum,9,Host,,PSDMS3,LYPES,Solanum lycopersicum,,Host,queried_eppo_code,prefname,solanum lycopersicum,,solanum lycopersicum ,True,Tomatoes,tomato,Solanaceae,Solanum lycopersicum
2026-05-06T14:08:55.801444,/taxons/taxon/PSTVD0/hosts,PSTVD0,hosts,LYPES,Solanum lycopersicum,9,Host,"* Natarajamurthy S, Bhat SKS, Gottravalli Ramanayaka J (2021) Occurrence of natural infection of tomato by Potato spindle tuber viroid (PSTVd) in India. Australasian Plant Disease Notes 16, 20. https://doi.org/10.1007/s13314-021-00432-0

* Puchta H, Herold T, Verhoeven K, Roenhorst A, Ramm K, Schmidt-Puchta W, Sänger HL (1990) A new strain of potato spindle tuber viroid (PSTVd-N) exhibits major sequence differences as compared to all other PSTVd strains sequenced so far. Plant Molecular Biology 15, 509-511.",PSTVD0,LYPES,Solanum lycopersicum,,Host,queried_eppo_code,prefname,solanum lycopersicum,,solanum lycopersicum ,True,Tomatoes,tomato,Solanaceae,Solanum lycopersicum
2026-05-06T14:08:56.544561,/taxons/taxon/PVH000/hosts,PVH000,hosts,LYPES,Solanum lycopersicum,9,Host,"* Xu Z, Weng H, Yang Z, Wang L, Mao Q, Cao Y, Song X, Rao S, Chen J, Li Y, Li J (2024) First report of potato virus H infecting tomato (Solanum lycopersicum) in China. Plant Disease. 108(10): 3204.",PVH000,LYPES,Solanum lycopersicum,,Host,queried_eppo_code,prefname,solanum lycopersicum,,solanum lycopersicum ,True,Tomatoes,tomato,Solanaceae,Solanum lycopersicum
2026-05-06T14:08:56.912794,/taxons/taxon/PVS000/hosts,PVS000,hosts,LYPES,Solanum lycopersicum,9,Host,"* Predajňa L, Šoltys K, Kraic J, Mihálik D, Glasa M (2017) First Report of Potato Virus S Infecting Tomato in Slovakia. Journal of Plant Pathology 99(3), 799-818.",PVS000,LYPES,Solanum lycopersicum,,Host,queried_eppo_code,prefname,solanum lycopersicum,,solanum lycopersicum ,True,Tomatoes,tomato,Solanaceae,Solanum lycopersicum
2026-05-06T14:08:57.280505,/taxons/taxon/PVX000/hosts,PVX000,hosts,LYPES,Solanum lycopersicum,9,Host,"* Ben Moussa A, Makni M, Marrakchi M (2000) Identification of the principal viruses infecting tomato crops in Tunisia. Bulletin OEPP 30(2), 293-296.",PVX000,LYPES,Solanum lycopersicum,,Host,queried_eppo_code,prefname,solanum lycopersicum,,solanum lycopersicum ,True,Tomatoes,tomato,Solanaceae,Solanum lycopersicum
2026-05-06T14:08:58.014208,/taxons/taxon/PYDV00/hosts,PYDV00,hosts,LYPES,Solanum lycopersicum,10,Experimental,"* Black LM (1937) A study of Potato yellow dwarf in New York. Cornell Agricultural Experiment Station, Vol. 209, 23 pp.",PYDV00,LYPES,Solanum lycopersicum,,Experimental,queried_eppo_code,prefname,solanum lycopersicum,,solanum lycopersicum ,True,Tomatoes,tomato,Solanaceae,Solanum lycopersicum
2026-05-06T14:08:58.378122,/taxons/taxon/PYMV00/hosts,PYMV00,hosts,LYPES,Solanum lycopersicum,1,Major host,"* Polston JE, Anderson PK (1997) The emergence of whitefly-transmitted geminiviruses in tomato in the Western Hemisphere. Plant Disease 81(12) 1358-1369.

* Romay G, Chirinos DT, Geraud-Pouey F, Torres M, Bragard C (2016) First report of Potato yellow mosaic virus infecting Solanum americanum in Venezuela. New Disease Reports 34, 20.

* Vaca-Vaca JC, Jara-Tejada F, Lopez-Lopez K (2020) Partial molecular characterization of begomoviruses isolated from weeds collected in tomato crops in the southeast of Valle del Cauca, Colombia. Revista Colombiana de Ciencias Hortícolas 14(1), 115-124.",PYMV00,LYPES,Solanum lycopersicum,,Major host,queried_eppo_code,prefname,solanum lycopersicum,,solanum lycopersicum ,True,Tomatoes,tomato,Solanaceae,Solanum lycopersicum
2026-05-06T14:08:58.378122,/taxons/taxon/PYMV00/hosts,PYMV00,hosts,LYPEC,Solanum lycopersicum var. cerasiforme,9,Host,"* Debrot, E.A.; Centeno, F. (1985) Natural infection of potato in Venezuela by tomato yellow mosaic, a geminivirus transmitted by whiteflies. Agronomia Tropical, 35(-3), 125-138 (abstract).
------- as tomato yellow mosaic. Plant mentioned as being a common weed.",PYMV00,LYPEC,Solanum lycopersicum var. cerasiforme,,Host,queried_eppo_code,prefname,solanum lycopersicum var. cerasiforme,,solanum lycopersicum var. cerasiforme ,True,Tomatoes,tomato,Solanaceae,Solanum lycopersicum var. cerasiforme
2026-05-06T14:08:58.740248,/taxons/taxon/PYV000/hosts,PYV000,hosts,LYPES,Solanum lycopersicum,10,Experimental,"* Silvestre R, Fuentes S, Risco R, Berrocal A, Adams I, Fox A, Cuellar WJ, Kreuze J (2020) Characterization of distinct strains of an aphid-transmitted ilarvirus (Fam. Bromoviridae) infecting different hosts from South America. Virus research 282, 197944. https://doi.org/10.1016/j.virusres.2020.197944",PYV000,LYPES,Solanum lycopersicum,,Experimental,queried_eppo_code,prefname,solanum lycopersicum,,solanum lycopersicum ,True,Tomatoes,tomato,Solanaceae,Solanum lycopersicum
2026-05-06T14:08:59.108020,/taxons/taxon/PYVV00/hosts,PYVV00,hosts,LYPES,Solanum lycopersicum,9,Host,"* Muñoz Baena L, Gutiérrez Sánchez PA, Marín Montoya M (2017) Secuenciación del genoma completo del Potato yellow vein virus (PYVV) en tomate (Solanum lycopersicum) en Colombia. Acta Biológica Colombiana 22(1), 5-17. http://dx.doi.org/10.15446/abc.v22n1.59211

* Salazar L, Muller G, Querci M, Zapata J, Owens R (2000) Potato yellow vein virus: its host range, distribution in South America and identification as a Crinivirus transmitted by Trialeurodes vaporariorum. Annals of Applied Biology 137(1), 7-19.",PYVV00,LYPES,Solanum lycopersicum,,Host,queried_eppo_code,prefname,solanum lycopersicum,,solanum lycopersicum ,True,Tomatoes,tomato,Solanaceae,Solanum lycopersicum
2026-05-06T14:08:59.475945,/taxons/taxon/PZSV00/hosts,PZSV00,hosts,LYPES,Solanum lycopersicum,1,Major host,,PZSV00,LYPES,Solanum lycopersicum,,Major host,queried_eppo_code,prefname,solanum lycopersicum,,solanum lycopersicum ,True,Tomatoes,tomato,Solanaceae,Solanum lycopersicum
2026-05-06T14:09:00.226691,/taxons/taxon/RALSPS/hosts,RALSPS,hosts,LYPES,Solanum lycopersicum,1,Major host,"* Klass TL, Hayes MM, Seng KH, An C, Rotondo F, Shoaf WW, Ong S, Tho KE, Allen C, Miller SA, Jacobs JM (2020) First report of bacterial wilt of tomato caused by Ralstonia pseudosolanacearum (Ralstonia solanacearum phylotype I) in Cambodia. Plant Disease 104(3), p 969.

* Kunwar S, Bamazi B, Banito A, Carter M, Weinstein S, Steidl O, Hayes MM, Allen C, Paret M (2021) First report of bacterial wilt wisease of tomato, pepper, and gboma caused by Ralstonia solanacearum Species Complex in Togo. Plant Disease 105(2), 484.",RALSPS,LYPES,Solanum lycopersicum,,Major host,queried_eppo_code,prefname,solanum lycopersicum,,solanum lycopersicum ,True,Tomatoes,tomato,Solanaceae,Solanum lycopersicum
2026-05-06T14:09:00.595733,/taxons/taxon/RALSSI/hosts,RALSSI,hosts,LYPES,Solanum lycopersicum,1,Major host,"* Safni I, Subandiyah S, Fegan M (2018) Ecology, Epidemiology and Disease Management of Ralstonia syzygii in Indonesia. Frontiers in Microbiology 9, 419
------- confirmed host.",RALSSI,LYPES,Solanum lycopersicum,,Major host,queried_eppo_code,prefname,solanum lycopersicum,,solanum lycopersicum ,True,Tomatoes,tomato,Solanaceae,Solanum lycopersicum
2026-05-06T14:09:00.965357,/taxons/taxon/RALSSL/hosts,RALSSL,hosts,LYPES,Solanum lycopersicum,1,Major host,"* Gutarra L, Herrera J, Fernandez E, Kreuze J, Lindqvist-Kreuze H (2017) Diversity, pathogenicity, and current occurrence of bacterial wilt bacterium Ralstonia solanacearum in Peru. Frontiers in Plant Science 8, 1221 DOI=10.3389/fpls.2017.01221

* Hong JC, Norman DJ, Reed DL, Momol MT and Jones JB (2012) Diversity among Ralstonia solanacearum strains isolated from the southeastern United States. Phytopathology 102:924-936.

* Mahbou Somo Toukam G, Cellier G, Wicker E, Guilbaud C, Kahane R, Allen C, Prior P (2009) Broad diversity of Ralstonia solanacearum strains in Cameroon. Plant Disease 93, 1123-1130

* N'Guessan CA, Abo K, Fondio L, Chiroleu F, Lebeau A, Poussier S, Wicker E, and Koné D (2012) So near and yet so far: the specific case of Ralstonia solanacearum populations from Côte d'Ivoire in Africa. Phytopathology 102, 733-740

* Poussier S, Prior P, Luisetti J, Hayward C, Fegan M (2000) Partial sequencing of the hrpB and endoglucanase genes confirms and expands the known diversity within the Ralstonia solanacearum Species Complex. Systematic and Applied Microbiology 23, 479-486

* Ramsubhag A, Lawrence D, Cassie D, Fraser R, Umaharan P, Prior P and Wicker E (2012) Wide genetic diversity of Ralstonia solanacearum strains affecting tomato in Trinidad, West Indies. Plant Pathology, 61: 844-857 

* Wicker E, Grassart L, Coranson-Beaudu R, Mian D, Guilbaud C, Fegan M, Prior P (2007) Ralstonia solanacearum strains from Martinique (French West Indies) exhibiting a new pathogenic potential. Applied and Environmental Microbiology 73(21), 6790-801. doi: 10.1128/AEM.00841-07",RALSSL,LYPES,Solanum lycopersicum,,Major host,queried_eppo_code,prefname,solanum lycopersicum,,solanum lycopersicum ,True,Tomatoes,tomato,Solanaceae,Solanum lycopersicum
2026-05-06T14:09:01.432450,/taxons/taxon/RALSSO/hosts,RALSSO,hosts,LYPES,Solanum lycopersicum,1,Major host,"* Klass TL, Hayes MM, Seng KH, An C, Rotondo F, Shoaf WW, Ong S, Tho KE, Allen C, Miller SA, Jacobs JM (2020) First report of bacterial wilt of tomato caused by Ralstonia pseudosolanacearum (Ralstonia solanacearum phylotype I) in Cambodia. Plant Disease 104(3), p 969.

* Kunwar S, Bamazi B, Banito A, Carter M, Weinstein S, Steidl O, Hayes MM, Allen C, Paret M (2021) First report of bacterial wilt wisease of tomato, pepper, and gboma caused by Ralstonia solanacearum Species Complex in Togo. Plant Disease 105(2), 484. 

* Gutarra L, Herrera J, Fernandez E, Kreuze J, Lindqvist-Kreuze H (2017) Diversity, pathogenicity, and current occurrence of bacterial wilt bacterium Ralstonia solanacearum in Peru. Frontiers in Plant Science 8, 1221 DOI=10.3389/fpls.2017.01221

* Hong JC, Norman DJ, Reed DL, Momol MT and Jones JB (2012) Diversity among Ralstonia solanacearum strains isolated from the southeastern United States. Phytopathology 102:924-936.

* Mahbou Somo Toukam G, Cellier G, Wicker E, Guilbaud C, Kahane R, Allen C, Prior P (2009) Broad diversity of Ralstonia solanacearum strains in Cameroon. Plant Disease 93, 1123-1130

* N'Guessan CA, Abo K, Fondio L, Chiroleu F, Lebeau A, Poussier S, Wicker E, and Koné D (2012) So near and yet so far: the specific case of Ralstonia solanacearum populations from Côte d'Ivoire in Africa. Phytopathology 102, 733-740

* Poussier S, Prior P, Luisetti J, Hayward C, Fegan M (2000) Partial sequencing of the hrpB and endoglucanase genes confirms and expands the known diversity within the Ralstonia solanacearum Species Complex. Systematic and Applied Microbiology 23, 479-486

* Ramsubhag A, Lawrence D, Cassie D, Fraser R, Umaharan P, Prior P and Wicker E (2012) Wide genetic diversity of Ralstonia solanacearum strains affecting tomato in Trinidad, West Indies. Plant Pathology, 61: 844-857 

* Safni I, Subandiyah S, Fegan M (2018) Ecology, Epidemiology and Disease Management of Ralstonia syzygii in Indonesia. Frontiers in Microbiology 9, 419
------- confirmed host of Ralstonia syzygii subsp. indonesiensis.

* Wicker E, Grassart L, Coranson-Beaudu R, Mian D, Guilbaud C, Fegan M, Prior P (2007) Ralstonia solanacearum strains from Martinique (French West Indies) exhibiting a new pathogenic potential. Applied and Environmental Microbiology 73(21), 6790-801. doi: 10.1128/AEM.00841-07",RALSSO,LYPES,Solanum lycopersicum,,Major host,queried_eppo_code,prefname,solanum lycopersicum,,solanum lycopersicum ,True,Tomatoes,tomato,Solanaceae,Solanum lycopersicum
2026-05-06T14:09:01.800047,/taxons/taxon/RALSSY/hosts,RALSSY,hosts,LYPES,Solanum lycopersicum,1,Major host,"* Safni I, Subandiyah S, Fegan M (2018) Ecology, Epidemiology and Disease Management of Ralstonia syzygii in Indonesia. Frontiers in Microbiology 9, 419
------- confirmed host of Ralstonia syzygii subsp. indonesiensis.",RALSSY,LYPES,Solanum lycopersicum,,Major host,queried_eppo_code,prefname,solanum lycopersicum,,solanum lycopersicum ,True,Tomatoes,tomato,Solanaceae,Solanum lycopersicum
2026-05-06T14:09:03.301398,/taxons/taxon/RPRSV0/hosts,RPRSV0,hosts,LYPES,Solanum lycopersicum,10,Experimental,,RPRSV0,LYPES,Solanum lycopersicum,,Experimental,queried_eppo_code,prefname,solanum lycopersicum,,solanum lycopersicum ,True,Tomatoes,tomato,Solanaceae,Solanum lycopersicum
2026-05-06T14:09:04.147185,/taxons/taxon/SEPTLM/hosts,SEPTLM,hosts,LYPES,Solanum lycopersicum,10,Experimental,"* Piglionica V, Malaguti G, Ciccarone A and Boerema GH (1978) La septoriosi della patata. Phytopathologia Mediterranea, 17, 81–89.",SEPTLM,LYPES,Solanum lycopersicum,,Experimental,queried_eppo_code,prefname,solanum lycopersicum,,solanum lycopersicum ,True,Tomatoes,tomato,Solanaceae,Solanum lycopersicum
2026-05-06T14:09:04.895284,/taxons/taxon/SLCV00/hosts,SLCV00,hosts,LYPES,Solanum lycopersicum,9,Host,"* Haj Ahmad F, Odeh W, Anfoka G (2013) First report on the association of Squash leaf curl virus and Watermelon chlorotic stunt virus with tomato yellow leaf curl disease. Plant Disease 7(3), 428. http://dx.doi.org/10.1094/PDIS-08-12-0712-PDN

* Fontenele RS, Bhaskara A, Cobb IN, Majure LC, Salywon AM, Avalos-Calleros JA, Argüello-Astorga GR, Schmidlin K, Roumagnac P, Ribeiro SG, Kraberger S (2021) Identification of the begomoviruses squash leaf curl virus and watermelon chlorotic stunt virus in various plant samples in North America. Viruses 13(5), 810. https://doi.org/10.3390/v13050810",SLCV00,LYPES,Solanum lycopersicum,,Host,queried_eppo_code,prefname,solanum lycopersicum,,solanum lycopersicum ,True,Tomatoes,tomato,Solanaceae,Solanum lycopersicum
2026-05-06T14:09:06.006859,/taxons/taxon/SYNCEN/hosts,SYNCEN,hosts,LYPES,Solanum lycopersicum,10,Experimental,"* Hampson MC (1976) Infection of additional hosts of Synchytrium endobioticum, the causal agent of potato wart disease : I. Tomato. Canadian Plant Disease Survey 56, 93-94",SYNCEN,LYPES,Solanum lycopersicum,,Experimental,queried_eppo_code,prefname,solanum lycopersicum,,solanum lycopersicum ,True,Tomatoes,tomato,Solanaceae,Solanum lycopersicum
2026-05-06T14:09:06.380026,/taxons/taxon/TASVD0/hosts,TASVD0,hosts,LYPES,Solanum lycopersicum,1,Major host,"* Antignus Y, Lachman O, Pearlsmand M, Gofman R, Bar-Joseph M (2002) A new disease of greenhouse tomatoes in Israel caused by a distinct strain to Tomato apical stunt viroid (TASVd). Phytoparasitica, 30(5), 502-510.",TASVD0,LYPES,Solanum lycopersicum,,Major host,queried_eppo_code,prefname,solanum lycopersicum,,solanum lycopersicum ,True,Tomatoes,tomato,Solanaceae,Solanum lycopersicum
2026-05-06T14:09:06.750239,/taxons/taxon/TBRV00/hosts,TBRV00,hosts,LYPES,Solanum lycopersicum,1,Major host,"* Zarzyńska‐Nowak A, Hasiów‐Jaroszewska B, Budzyńska D, Trzmiel K (2020) Genetic variability of Polish tomato black ring virus isolates and their satellite RNAs. Plant Pathology 69(8), 1034– 1041. https://doi.org/10.1111/ppa.13188",TBRV00,LYPES,Solanum lycopersicum,,Major host,queried_eppo_code,prefname,solanum lycopersicum,,solanum lycopersicum ,True,Tomatoes,tomato,Solanaceae,Solanum lycopersicum
2026-05-06T14:09:07.117438,/taxons/taxon/TBSV00/hosts,TBSV00,hosts,LYPES,Solanum lycopersicum,9,Host,"* Kim MK, Kwak HR, Jeong SG, Ko SJ, Lee SH, Park JW, Kim KH, Choi HS, Cha BJ (2007) First report on Tomato bushy stunt virus infecting tomato in Korea. The Plant Pathology Journal. 23(3), 143-150.",TBSV00,LYPES,Solanum lycopersicum,,Host,queried_eppo_code,prefname,solanum lycopersicum,,solanum lycopersicum ,True,Tomatoes,tomato,Solanaceae,Solanum lycopersicum
2026-05-06T14:09:07.484527,/taxons/taxon/TCDVD0/hosts,TCDVD0,hosts,LYPES,Solanum lycopersicum,1,Major host,"* Ling KS, Verhoeven JTJ, Singh RP, Brown JK (2009) First report of Tomato chlorotic dwarf viroid in greenhouse tomatoes in Arizona. Plant Disease 93(10), p 1075.",TCDVD0,LYPES,Solanum lycopersicum,,Major host,queried_eppo_code,prefname,solanum lycopersicum,,solanum lycopersicum ,True,Tomatoes,tomato,Solanaceae,Solanum lycopersicum
2026-05-06T14:09:07.852062,/taxons/taxon/TCSV00/hosts,TCSV00,hosts,LYPES,Solanum lycopersicum,1,Major host,"* Londoño A, Capobianco H, Zhang S, Polston J (2012) First record of Tomato chlorotic spot virus in the USA. Tropical Plant Pathology 37(5), 333-338.",TCSV00,LYPES,Solanum lycopersicum,,Major host,queried_eppo_code,prefname,solanum lycopersicum,,solanum lycopersicum ,True,Tomatoes,tomato,Solanaceae,Solanum lycopersicum
2026-05-06T14:09:08.598425,/taxons/taxon/TGMV00/hosts,TGMV00,hosts,LYPES,Solanum lycopersicum,1,Major host,"* Hamilton WD, Sanders RC, Coutts RH, Buck KW (1981) Characterisation of tomato golden mosaic virus as a geminivirus. FEMS Microbiology Letters 11(4), 263-267.",TGMV00,LYPES,Solanum lycopersicum,,Major host,queried_eppo_code,prefname,solanum lycopersicum,,solanum lycopersicum ,True,Tomatoes,tomato,Solanaceae,Solanum lycopersicum
2026-05-06T14:09:10.460189,/taxons/taxon/TICV00/hosts,TICV00,hosts,LYPES,Solanum lycopersicum,1,Major host,"* Anfoka GH, Abhary MK (2007) Occurrence of Tomato infectious chlorosis virus (TICV) in Jordan. EPPO Bulletin 37, 186–190.",TICV00,LYPES,Solanum lycopersicum,,Major host,queried_eppo_code,prefname,solanum lycopersicum,,solanum lycopersicum ,True,Tomatoes,tomato,Solanaceae,Solanum lycopersicum
2026-05-06T14:09:10.828078,/taxons/taxon/TLCRV0/hosts,TLCRV0,hosts,LYPES,Solanum lycopersicum,1,Major host,,TLCRV0,LYPES,Solanum lycopersicum,,Major host,queried_eppo_code,prefname,solanum lycopersicum,,solanum lycopersicum ,True,Tomatoes,tomato,Solanaceae,Solanum lycopersicum
2026-05-06T14:09:11.200118,/taxons/taxon/TOANV0/hosts,TOANV0,hosts,LYPES,Solanum lycopersicum,1,Major host,"* Verbeek M, Dullemans AM, Van den Heuvel JF, Maris PC, Van der Vlugt RA (2008) Tomato marchitez virus, a new plant picorna-like virus from tomato related to tomato torrado virus. Archives of virology 153(1), 127-134.
------- confirmed host.",TOANV0,LYPES,Solanum lycopersicum,,Major host,queried_eppo_code,prefname,solanum lycopersicum,,solanum lycopersicum ,True,Tomatoes,tomato,Solanaceae,Solanum lycopersicum
2026-05-06T14:09:11.575485,/taxons/taxon/TOBRFV/hosts,TOBRFV,hosts,LYPES,Solanum lycopersicum,1,Major host,"* Luria N, Smith E, Reingold V, Bekelman I, Lapidot M, Levin I, Elad N, Tam Y, Sela N, Abu-Ras A, Ezra N(2017) A new Israeli Tobamovirus isolate infects tomato plants harboring Tm-22 resistance genes. PLoS ONE 12(1): e0170429. https://doi.org/10.1371/journal.pone.0170429
------- confirmed host.

* Jewehan A, Salem N, Tóth Z, Salamon P, Szabó Z (2021) Screening of Solanum (sections Lycopersicon and Juglandifolia) germplasm for reactions to the tomato brown rugose fruit virus (ToBRFV). Journal of Plant Diseases and Protection. https://doi.org/10.1007/s41348-021-00535-x",TOBRFV,LYPES,Solanum lycopersicum,,Major host,queried_eppo_code,prefname,solanum lycopersicum,,solanum lycopersicum ,True,Tomatoes,tomato,Solanaceae,Solanum lycopersicum
2026-05-06T14:09:11.575485,/taxons/taxon/TOBRFV/hosts,TOBRFV,hosts,LYPEC,Solanum lycopersicum var. cerasiforme,10,Experimental,"* Jewehan A, Salem N, Tóth Z, Salamon P, Szabó Z (2021) Screening of Solanum (sections Lycopersicon and Juglandifolia) germplasm for reactions to the tomato brown rugose fruit virus (ToBRFV). Journal of Plant Diseases and Protection. https://doi.org/10.1007/s41348-021-00535-x
------- some accessions were susceptible, others were tolerant in inoculation study.",TOBRFV,LYPEC,Solanum lycopersicum var. cerasiforme,,Experimental,queried_eppo_code,prefname,solanum lycopersicum var. cerasiforme,,solanum lycopersicum var. cerasiforme ,True,Tomatoes,tomato,Solanaceae,Solanum lycopersicum var. cerasiforme
2026-05-06T14:09:11.947294,/taxons/taxon/TOCHV0/hosts,TOCHV0,hosts,LYPES,Solanum lycopersicum,1,Major host,"* Verbeek M, Dullemans A, van den Heuvel H, Maris P, van der Vlugt R (2010) Tomato chocolàte virus: a new plant virus infecting tomato and a proposed member of the genus Torradovirus. Archives of Virology 155, 751-755.",TOCHV0,LYPES,Solanum lycopersicum,,Major host,queried_eppo_code,prefname,solanum lycopersicum,,solanum lycopersicum ,True,Tomatoes,tomato,Solanaceae,Solanum lycopersicum
2026-05-06T14:09:12.327196,/taxons/taxon/TOCV00/hosts,TOCV00,hosts,LYPES,Solanum lycopersicum,1,Major host,"* Shakeel MT, Al‐Saleh MA, Amer MA, Al‐Shahwan IM, Umar M, Dimou N, Orfanidou CG, Zakri AM, Katis NI (2017) Molecular characterization and natural host range of Tomato chlorosis virus in Saudi Arabia. Journal of Plant Pathology 99, 415–421. http://dx.doi.org/10.4454/jpp.v99i2.3860
------- Confirmed host.

* Wisler GC, Li RH, Liu HY, Lowry DS, Duffus JE (1998) Tomato chlorosis virus: A new whitefly‐transmitted, phloem limited, bipartite closterovirus of tomato. Phytopathology, 88, 402–409.",TOCV00,LYPES,Solanum lycopersicum,,Major host,queried_eppo_code,prefname,solanum lycopersicum,,solanum lycopersicum ,True,Tomatoes,tomato,Solanaceae,Solanum lycopersicum
2026-05-06T14:09:12.697367,/taxons/taxon/TODLCV/hosts,TODLCV,hosts,LYPES,Solanum lycopersicum,1,Major host,"* Roye, M.E.; Wernecke, M.E.; McLaughlin, W.A.; Nakhla, M.K.; Maxwell, D.P. (1999) Tomato dwarf leaf curl virus, a new bipartite geminivirus associated with tomatoes and peppers in Jamaica and mixed infection with tomato yellow leaf curl virus. Plant Pathology, 48(3), 370-378.",TODLCV,LYPES,Solanum lycopersicum,,Major host,queried_eppo_code,prefname,solanum lycopersicum,,solanum lycopersicum ,True,Tomatoes,tomato,Solanaceae,Solanum lycopersicum
2026-05-06T14:09:13.064417,/taxons/taxon/TOFBV0/hosts,TOFBV0,hosts,LYPES,Solanum lycopersicum,1,Major host,"* Ciuffo M, Kinoti WM, Tiberini A, Forgia M, Tomassoli L, Constable FE, Turina M (2020) A new blunervirus infects tomato crops in Italy and Australia. Archives of Virology 165, 2379-2384.",TOFBV0,LYPES,Solanum lycopersicum,,Major host,queried_eppo_code,prefname,solanum lycopersicum,,solanum lycopersicum ,True,Tomatoes,tomato,Solanaceae,Solanum lycopersicum
2026-05-06T14:09:13.442282,/taxons/taxon/TOLCND/hosts,TOLCND,hosts,LYPES,Solanum lycopersicum,1,Major host,"Damage on tomato is high for strains other than strain Es.

* Padidam M, Beachy RN and Fauquet CM, 1995. Tomato leaf curl geminivirus from India has a bipartite genome and coat protein is not essential for infectivity. Journal of General Virology, 76, 25–35.
------- confirmed host (first description of the virus)

* Rabadan MP, Aranda MA, Gomez P, Juarez M, Tayahi M (2019) El virus de rizado del tomate de Nueva Delhi (ToLCNDV) en cultivos y malas hierbas. Phytoma-Espana no.  306, 18-25.
------- Low incidence.

* Ruiz ML, Simon A, Velasco L, Garcia MC, Janssen D (2015) First report of Tomato leaf curl New Delhi virus infecting tomato in Spain. Plant Disease 99, 894-894.",TOLCND,LYPES,Solanum lycopersicum,,Major host,queried_eppo_code,prefname,solanum lycopersicum,,solanum lycopersicum ,True,Tomatoes,tomato,Solanaceae,Solanum lycopersicum
2026-05-06T14:09:13.812592,/taxons/taxon/TOLCSI/hosts,TOLCSI,hosts,LYPES,Solanum lycopersicum,1,Major host,,TOLCSI,LYPES,Solanum lycopersicum,,Major host,queried_eppo_code,prefname,solanum lycopersicum,,solanum lycopersicum ,True,Tomatoes,tomato,Solanaceae,Solanum lycopersicum
2026-05-06T14:09:14.181467,/taxons/taxon/TOMMOV/hosts,TOMMOV,hosts,LYPES,Solanum lycopersicum,1,Major host,"* Hiskias Y, Lesemann DE, Vetten HJ (1999) Occurrence, distribution and relative importance of viruses infecting hot pepper and tomato in the major growing areas of Ethiopia.  Journal of Phytopathology 147(1), 5-11.

* Nakhla MK, Sorensen A, Maxwell DP, Mejia L, Ramirez P, Karkashian J (2004) Molecular characterization of tomato-infecting begomoviruses in Central America and development of DNA-based detection methods. Acta Horticulturae no. 695, 277-288.

* Walkey DGA (1992) Two possible new potyviruses from the Yemen. Abstract of a paper presented at the 7th Conference ISHS Vegetable Virus Working Group (Athens, GR, 1992-07-12/16), 27-28.",TOMMOV,LYPES,Solanum lycopersicum,,Major host,queried_eppo_code,prefname,solanum lycopersicum,,solanum lycopersicum ,True,Tomatoes,tomato,Solanaceae,Solanum lycopersicum
2026-05-06T14:09:14.557502,/taxons/taxon/TOMMV0/hosts,TOMMV0,hosts,LYPES,Solanum lycopersicum,1,Major host,"* Li R, Gao S, Fei Z, Ling KS (2013) Complete genome sequence of a new tobamovirus naturally infecting tomatoes in Mexico. Genome Announcements 1(5), e00794-13.

* Li Y, Wang Y, Hu J, Xiao L, Tan G, Lan P, Liu Y, Li F (2017) The complete genome sequence, occurrence and host range of Tomato mottle mosaic virus Chinese isolate. Virology Journal 14, 15. doi: 10.1186/s12985-016-0676-2
------ Mosaic, blistering and distortion.

* Zhan BH, Cao N, Wang KN, Zhou XP (2018) Detection and characterization of an isolate of Tomato mottle mosaic virus infecting tomato in China. Journal of Integrative Agriculture 17(5), 1207-1212. 
------- Confirmed host.

* Webster CG, Rosskopf EN, Lucas L, Mellinger HC, Adkins S (2014) First report of Tomato mottle mosaic virus infecting tomato in the United States. Plant Health Progress. https://doi.org/10.1094/PHP-BR-14-0023",TOMMV0,LYPES,Solanum lycopersicum,,Major host,queried_eppo_code,prefname,solanum lycopersicum,,solanum lycopersicum ,True,Tomatoes,tomato,Solanaceae,Solanum lycopersicum
2026-05-06T14:09:14.930930,/taxons/taxon/TOMOTV/hosts,TOMOTV,hosts,LYPES,Solanum lycopersicum,1,Major host,,TOMOTV,LYPES,Solanum lycopersicum,,Major host,queried_eppo_code,prefname,solanum lycopersicum,,solanum lycopersicum ,True,Tomatoes,tomato,Solanaceae,Solanum lycopersicum
2026-05-06T14:09:15.303084,/taxons/taxon/TOMOV0/hosts,TOMOV0,hosts,LYPES,Solanum lycopersicum,1,Major host,"* Abouzid AM, Polston JE, Hiebert E (1992) The nucleotide sequence of tomato mottle virus, a new geminivirus isolated from tomatoes in Florida. Journal of General Virology 73, 3225-3229.

* Polston JE, Hiebert E, McGovern RJ, Stansly PA, Schuster DJ (1993) Host range of tomato mottle virus, a new geminivirus infecting tomato in Florida. Plant Disease 77, 1181-1184.",TOMOV0,LYPES,Solanum lycopersicum,,Major host,queried_eppo_code,prefname,solanum lycopersicum,,solanum lycopersicum ,True,Tomatoes,tomato,Solanaceae,Solanum lycopersicum
2026-05-06T14:09:15.678107,/taxons/taxon/TORSV0/hosts,TORSV0,hosts,LYPES,Solanum lycopersicum,9,Host,"* Akdura N, Sevik M (2021) Investigation of Tomato ringspot virus (ToRSV) by real-time TaqMan RT-PCR in Hakkari Province, Turkey. Journal of Agricultural Sciences (Tarim Bilimleri Dergisi) 27(3), 335-340.

* Moussa AB, Makni M, Marrakchi M (2000) Identification of the principal viruses infecting tomato crops in Tunisia. EPPO Bulletin 30(2), 293-296.",TORSV0,LYPES,Solanum lycopersicum,,Host,queried_eppo_code,prefname,solanum lycopersicum,,solanum lycopersicum ,True,Tomatoes,tomato,Solanaceae,Solanum lycopersicum
2026-05-06T14:09:16.425391,/taxons/taxon/TOSRV0/hosts,TOSRV0,hosts,LYPES,Solanum lycopersicum,1,Major host,"* Gorayeb ES, do Nascimento SC, dos Santos AN, Batalhon L, Albuquerque MR, de Oliveira VG, de Souza VB, Bogo A, da Silva FN (2024) Survey of viruses and vectors in tomato plants, alternative hosts and weeds in the state of Santa Catarina, Brazil. Plant Pathology 73(2), 444-454.",TOSRV0,LYPES,Solanum lycopersicum,,Major host,queried_eppo_code,prefname,solanum lycopersicum,,solanum lycopersicum ,True,Tomatoes,tomato,Solanaceae,Solanum lycopersicum
2026-05-06T14:09:16.801509,/taxons/taxon/TOTV00/hosts,TOTV00,hosts,LYPES,Solanum lycopersicum,1,Major host,"* Alfaro-Fernández, A, Córdoba-Sellés MC, Juárez M, Herrera-Vásquez JA, Sánchez-Navarro JA, Cebrián MC, Font MI, Jordá C (2010) Occurrence and geographical distribution of the ‘Torrado’ disease in Spain. Journal of Phytopathology 158(7-8), 457-469.

* Alfaro-Fernández A, Córdoba-Sellés C, Cebrián MC, Sánchez-Navarro JA, Espino A, Martín R, Jordá C (2007) First report of Tomato torrado virus in tomato in the Canary Islands, Spain. Plant Disease 91(8), p 1060.

* Moodley V, Gubba A, Mafongoya PL (2020) Emergence and full genome analysis of tomato torrado virus in South Africa. Viruses 12(10),1167. https://doi.org/10.3390/v12101167

* Verbeek M, Dullemans AM, van den Heuvel JFJM, Maris PC, van der Vlugt RAA (2007) Identification and characterization of tomato torrado virus, a new plant picorna-like virus from tomato. Archives of Virology 152(5), 881-890.",TOTV00,LYPES,Solanum lycopersicum,,Major host,queried_eppo_code,prefname,solanum lycopersicum,,solanum lycopersicum ,True,Tomatoes,tomato,Solanaceae,Solanum lycopersicum
2026-05-06T14:09:17.173205,/taxons/taxon/TOYVSV/hosts,TOYVSV,hosts,LYPES,Solanum lycopersicum,1,Major host,"* Faria JC, Souza JAC, Slack SA, Maxwell DP (1997) A new geminivirus associated with tomato in the State of São Paulo, Brazil. Plant Disease, 81(4), p 423.",TOYVSV,LYPES,Solanum lycopersicum,,Major host,queried_eppo_code,prefname,solanum lycopersicum,,solanum lycopersicum ,True,Tomatoes,tomato,Solanaceae,Solanum lycopersicum
2026-05-06T14:09:17.923015,/taxons/taxon/TRSV00/hosts,TRSV00,hosts,LYPES,Solanum lycopersicum,9,Host,"* Šneideris D, Zitikaitė I, Žižytė M, Grigaliūnaitė B, Staniulis J (2012) Identification of nepoviruses in tomato (Lycopersicon esculentum Mill.). Žemdirbystė (= Agriculture) 99, 173-8.",TRSV00,LYPES,Solanum lycopersicum,,Host,queried_eppo_code,prefname,solanum lycopersicum,,solanum lycopersicum ,True,Tomatoes,tomato,Solanaceae,Solanum lycopersicum
2026-05-06T14:09:18.293449,/taxons/taxon/TRV000/hosts,TRV000,hosts,LYPES,Solanum lycopersicum,9,Host,"* Ben Moussa A, Makni M, Marrakchi M (2000) Identification of the principal viruses infecting tomato crops in Tunisia. EPPO Bulletin 30(2), 293-296.",TRV000,LYPES,Solanum lycopersicum,,Host,queried_eppo_code,prefname,solanum lycopersicum,,solanum lycopersicum ,True,Tomatoes,tomato,Solanaceae,Solanum lycopersicum
2026-05-06T14:09:18.863885,/taxons/taxon/TSWV00/hosts,TSWV00,hosts,LYPES,Solanum lycopersicum,1,Major host,"* Parrella G, Gognalons P, Gebre-Selassie K, Vovlas C, Marchoux G (2003) An update of the host range of tomato spotted wilt virus. Journal of Plant Pathology 85(4), 227-264.
------- Confirmed host.",TSWV00,LYPES,Solanum lycopersicum,,Major host,queried_eppo_code,prefname,solanum lycopersicum,,solanum lycopersicum ,True,Tomatoes,tomato,Solanaceae,Solanum lycopersicum
2026-05-06T14:09:19.234003,/taxons/taxon/TYLCSV/hosts,TYLCSV,hosts,LYPES,Solanum lycopersicum,1,Major host,"* Anfoka GH, Abhary M, Haj Ahmad F, Hussein AF, Rezk A, Akad F, Abou-Jawdah Y, Lapidot M, Vidavski F, Nakhla MK, Sobh H, Atamian H, Cohen L, Sobol I, Mazyad H, Maxwell DP, Czosnek H (2008) Survey of tomato yellow leaf curl disease-associated viruses in the Eastern Mediterranean Basin. Journal of Plant Pathology 90(2), 313-322.",TYLCSV,LYPES,Solanum lycopersicum,,Major host,queried_eppo_code,prefname,solanum lycopersicum,,solanum lycopersicum ,True,Tomatoes,tomato,Solanaceae,Solanum lycopersicum
2026-05-06T14:09:19.607916,/taxons/taxon/TYLCV0/hosts,TYLCV0,hosts,LYPES,Solanum lycopersicum,1,Major host,"* Basak J (2016) Tomato yellow leaf curl virus: a serious threat to tomato plants world wide. Journal of Plant Pathology and Microbiology, 7(4), 346.

* Cohen S, Antignus Y (1994) Tomato yellow leaf curl virus, a whitefly-borne geminivirus of tomatoes. In Advances in disease vector research. Springer New York, pp. 259-288.

* Moriones E, Navas-Castillo J (2000) Tomato yellow leaf curl virus, an emerging virus complex causing epidemics worldwide. Virus Research 71, 123–134.",TYLCV0,LYPES,Solanum lycopersicum,,Major host,queried_eppo_code,prefname,solanum lycopersicum,,solanum lycopersicum ,True,Tomatoes,tomato,Solanaceae,Solanum lycopersicum
2026-05-06T14:09:19.977725,/taxons/taxon/TZSV00/hosts,TZSV00,hosts,LYPES,Solanum lycopersicum,9,Host,"* Dong JH, Cheng XF, Yin YY, Fang Q, Ding M, Li TT, Zhang LZ, Su XX, McBeath JH, Zhang ZK (2008) Characterization of tomato zonate spot virus, a new tospovirus in China. Archives of Virology 153(5), 855-864.",TZSV00,LYPES,Solanum lycopersicum,,Host,queried_eppo_code,prefname,solanum lycopersicum,,solanum lycopersicum ,True,Tomatoes,tomato,Solanaceae,Solanum lycopersicum
2026-05-06T14:09:20.712854,/taxons/taxon/VERTAA/hosts,VERTAA,hosts,LYPES,Solanum lycopersicum,9,Host,,VERTAA,LYPES,Solanum lycopersicum,,Host,queried_eppo_code,prefname,solanum lycopersicum,,solanum lycopersicum ,True,Tomatoes,tomato,Solanaceae,Solanum lycopersicum
2026-05-06T14:09:21.081865,/taxons/taxon/VERTDA/hosts,VERTDA,hosts,LYPES,Solanum lycopersicum,9,Host,"* Inderbitzin P, Subbarao KV (2014) Verticillium systematics and evolution: how confusion impedes Verticillium wilt management and how to resolve it. Phytopathology 104(6), 564-574. https://doi.org/10.1094/PHYTO-11-13-0315-IA",VERTDA,LYPES,Solanum lycopersicum,,Host,queried_eppo_code,prefname,solanum lycopersicum,,solanum lycopersicum ,True,Tomatoes,tomato,Solanaceae,Solanum lycopersicum
2026-05-06T14:09:21.451956,/taxons/taxon/VERTNO/hosts,VERTNO,hosts,LYPES,Solanum lycopersicum,9,Host,"* Inderbitzin P, Subbarao KV (2014) Verticillium systematics and evolution: how confusion impedes Verticillium wilt management and how to resolve it. Phytopathology 104(6), 564-574. https://doi.org/10.1094/PHYTO-11-13-0315-IA",VERTNO,LYPES,Solanum lycopersicum,,Host,queried_eppo_code,prefname,solanum lycopersicum,,solanum lycopersicum ,True,Tomatoes,tomato,Solanaceae,Solanum lycopersicum
2026-05-06T14:09:21.824759,/taxons/taxon/WMCSV0/hosts,WMCSV0,hosts,LYPES,Solanum lycopersicum,9,Host,"* Ahmad FH, Odeh W, Anfoka G (2013) First report on the association of Squash leaf curl virus and Watermelon chlorotic stunt virus with Tomato Yellow Leaf Curl Disease. Plant Disease 97(3), 428.  https://doi.org/10.1094/PDIS-08-12-0712-PDN",WMCSV0,LYPES,Solanum lycopersicum,,Host,queried_eppo_code,prefname,solanum lycopersicum,,solanum lycopersicum ,True,Tomatoes,tomato,Solanaceae,Solanum lycopersicum
2026-05-06T14:09:22.196847,/taxons/taxon/WMSMOV/hosts,WMSMOV,hosts,LYPES,Solanum lycopersicum,9,Host,"* Chiemsombat P, Gajanandana O, Warin N, Hongprayoon R, Bhunchoth A, Pongsapich P (2008) Biological and molecular characterization of tospoviruses in Thailand. Archives of Virology 153, 571-577.

* Yin YY, Li TT, Lu X, Gu ZL, Zhao LL, Guo M, Zhao JF, Ding M (2016) First report of Watermelon silver mottle virus infecting tomato in Yunnan, China. Journal of Plant Pathology 98(3), p 681.",WMSMOV,LYPES,Solanum lycopersicum,,Host,queried_eppo_code,prefname,solanum lycopersicum,,solanum lycopersicum ,True,Tomatoes,tomato,Solanaceae,Solanum lycopersicum
2026-05-06T14:09:22.563832,/taxons/taxon/XANTAV/hosts,XANTAV,hosts,LYPES,Solanum lycopersicum,1,Major host,,XANTAV,LYPES,Solanum lycopersicum,,Major host,queried_eppo_code,prefname,solanum lycopersicum,,solanum lycopersicum ,True,Tomatoes,tomato,Solanaceae,Solanum lycopersicum
2026-05-06T14:09:22.933362,/taxons/taxon/XANTEU/hosts,XANTEU,hosts,LYPES,Solanum lycopersicum,1,Major host,"* Ma X, Lewis Ivey ML, Miller SA (2011) First report of Xanthomonas gardneri causing bacterial spot of tomato in Ohio and Michigan. Plant Disease 95(2), p 1584.",XANTEU,LYPES,Solanum lycopersicum,,Major host,queried_eppo_code,prefname,solanum lycopersicum,,solanum lycopersicum ,True,Tomatoes,tomato,Solanaceae,Solanum lycopersicum
2026-05-06T14:09:23.303758,/taxons/taxon/XANTGA/hosts,XANTGA,hosts,LYPES,Solanum lycopersicum,1,Major host,"* Ma X, Lewis Ivey ML, Miller SA (2011) First report of Xanthomona gardneri causing bacterial spot of tomato in Ohio and Michigan. Plant Disease 95(2), p 1584.",XANTGA,LYPES,Solanum lycopersicum,,Major host,queried_eppo_code,prefname,solanum lycopersicum,,solanum lycopersicum ,True,Tomatoes,tomato,Solanaceae,Solanum lycopersicum
2026-05-06T14:09:23.677849,/taxons/taxon/XANTPF/hosts,XANTPF,hosts,LYPES,Solanum lycopersicum,1,Major host,"* Aiello D, Scuderi G, Vitale A, Firrao G, Polizzi G, Cirvilleri G (2013) A pith necrosis caused by Xanthomonas perforans on tomato plants. European Journal of Plant Pathology 137(1), 29-41.",XANTPF,LYPES,Solanum lycopersicum,,Major host,queried_eppo_code,prefname,solanum lycopersicum,,solanum lycopersicum ,True,Tomatoes,tomato,Solanaceae,Solanum lycopersicum
2026-05-06T14:09:24.050386,/taxons/taxon/XANTVE/hosts,XANTVE,hosts,LYPES,Solanum lycopersicum,1,Major host,"* Roach R, Mann R, Gambly CG, Shivars RG, Rodoni B (2018) Identification of Xanthomonas species associated with bacterial leaf spot of tomato, capsicum and chilli crops in eastern Australia. European Journal of Plant Pathology 150(3), 595-608.",XANTVE,LYPES,Solanum lycopersicum,,Major host,queried_eppo_code,prefname,solanum lycopersicum,,solanum lycopersicum ,True,Tomatoes,tomato,Solanaceae,Solanum lycopersicum
