queried_on,source_endpoint,queried_eppo_code,service,eppocode,prefname,class_id,class_label,bibref,eppo_code,scientific_name,queried_host_eppo_code,relationship_to_query_taxon,taxonomic_group,source_pathogen_code_column,source_pathogen_name_column,biological_text_for_classification,taxonomic_group_clean,biological_class,excluded_group_screening
2026-05-06T14:07:53.270682,/taxons/taxon/LYPES/pests,LYPES,pests,AFCVD0,Apple fruit crinkle viroid,10,Experimental,"* Hataya T (2024) Genetic diversity of apple fruit crinkle viroid populations in Japanese persimmons and the infectivity of a predominant sequence variant to tomato plants. European Journal of Plant Pathology 169(2), 273-285.

* Suzuki T, Fujibayashi M, Hataya T, Taneda A, He YH, Tsushima T, Duraisamy GS, Siglova K, Matousek J, Sano T (2017) Characterization of host-dependent mutations of apple fruit crinkle viroid replicating in newly identified experimental hosts suggests maintenance of stem-loop structures in the left-hand half of the molecule is important for replication. Journal of General Virology 98(3), 506-516.",AFCVD0,Apple fruit crinkle viroid,LYPES,Experimental,,eppocode,prefname,apple fruit crinkle viroid,,viroid,not_detected
2026-05-06T14:07:53.270682,/taxons/taxon/LYPES/pests,LYPES,pests,AMV000,Alfamovirus AMV,9,Host,,AMV000,Alfamovirus AMV,LYPES,Host,,eppocode,prefname,alfamovirus amv,,virus,not_detected
2026-05-06T14:07:53.270682,/taxons/taxon/LYPES/pests,LYPES,pests,APLV00,Tymovirus latandigenum,10,Experimental,"* García W, Gandarillas A (1992) Incidencia virotica en campos de tubérculo-semilla de papa en certificación y campos comerciales [Virus incidence in potato tuber-seed fields in certification and commercial fields]. Revista de Agricultura. Facultad de Ciencias Agrícolas y Pecuarias, Universidad Mayor de San Simón. Cochabamba, Bolivia 21, 29–33.
------- As Lycopersicum esculentum cv. Kondine Red.",APLV00,Tymovirus latandigenum,LYPES,Experimental,,eppocode,prefname,tymovirus latandigenum,,virus,not_detected
2026-05-06T14:07:53.270682,/taxons/taxon/LYPES/pests,LYPES,pests,APMOV0,Comovirus andesense,10,Experimental,"* Fribourg CE, Jones RAC, Koenig R (1977) Andean potato mottle, a new member of the Cowpea mosaic virus group. Phytopathology 67, 969-974.
------- As Lycopersicon esculentum. Lm (type train) tested. Symptomless systemic infection or mild mosaic depending on cultivar.",APMOV0,Comovirus andesense,LYPES,Experimental,,eppocode,prefname,comovirus andesense,,virus,not_detected
2026-05-06T14:07:53.270682,/taxons/taxon/LYPES/pests,LYPES,pests,BCTV00,Curtovirus betae,9,Host,"* Chen L, Brannigan K, Clark R, Gilbertson RL (2010) Characterization of curtoviruses associated with curly top disease of tomato in California and monitoring for these viruses in beet leafhoppers. Plant Disease 94, 99-108.

* Severin HHP (1929) Additional host plnats of curly top. Hilgardia 20(3), 595-637.",BCTV00,Curtovirus betae,LYPES,Host,,eppocode,prefname,curtovirus betae,,virus,not_detected
2026-05-06T14:07:53.270682,/taxons/taxon/LYPES/pests,LYPES,pests,CBCVD0,Cocadviroid rimocitri,10,Experimental,"* Semancik JS, Vidalakis G (2005) The question of Citrus viroid IV as a Cocadviroid. Archives of Virology 150(6), 1059-1067.",CBCVD0,Cocadviroid rimocitri,LYPES,Experimental,,eppocode,prefname,cocadviroid rimocitri,,viroid,not_detected
2026-05-06T14:07:53.270682,/taxons/taxon/LYPES/pests,LYPES,pests,CDV000,Potyvirus trompetae,9,Host,"* Tomitaka Y, Usugi T (2014) First report of mosaic disease caused by Colombian datura virus on Solanum lycopersicum plants commercially cultivated in Japan. Plant Disease 98(5), p 698.

* Verhoeven, JTJ, Lesemann DE, Roenhorst JW (1996) First report of Colombian datura potyvirus in tomato. European Journal of Plant Pathology 102, 895-898.",CDV000,Potyvirus trompetae,LYPES,Host,,eppocode,prefname,potyvirus trompetae,,virus,not_detected
2026-05-06T14:07:53.270682,/taxons/taxon/LYPES/pests,LYPES,pests,CHILCU,Begomovirus chillicapsici,1,Major host,"* Brown JK, Zerbini FM, Navas-Castillo J, Moriones E, Ramos-Sobrinho R, Silva JCF, Fiallo-Olive E, Briddon RW, Hernández-Zepeda C, Idris A, Malathi VG, Martin DP, Rivera-Bustamante R, Ueda S, Varsani A (2015) Revision of Begomovirus taxonomy based on pairwise sequence comparisons. Archives of Virology 160, 1593-1619. https://doi.org/10.1007/s00705-015-2398-y
------- based on isolate considered as chilli leaf curl virus

* Sangeeta, Kumar RV, Yadav BK, Bhatt BS, Krishna R, Krishnan N, Karkute SG, Kumar S, Singh B, Singh AK (2023) Diverse begomovirus-betasatellite complexes cause tomato leaf curl disease in the western India. Virus Research 328, 199079. doi: 10.1016/j.virusres.2023.199079.
------- several isolates found on tomato

* Venkataravanappa V, Swarnalatha P, Reddy CNL, Chauhan N, Krishna Reddy M (2016) Association of recombinant Chilli leaf curl virus with enation leaf curl disease of tomato: a new host for chilli begomovirus in India. Phytoparasitica 44, 213-223.",CHILCU,Begomovirus chillicapsici,LYPES,Major host,,eppocode,prefname,begomovirus chillicapsici,,virus,not_detected
2026-05-06T14:07:53.270682,/taxons/taxon/LYPES/pests,LYPES,pests,CLCUGV,Begomovirus gossypigeziraense,9,Host,"* Al Shihi AA, Al Sadi AM, Deadman M, Briddon RW, Shahid MS (2018) Identification of a distinct strain of Cotton leaf curl Gezira virus infecting tomato in Oman. Journal of Phytopathology. 166(3), 199-205.",CLCUGV,Begomovirus gossypigeziraense,LYPES,Host,,eppocode,prefname,begomovirus gossypigeziraense,,virus,not_detected
2026-05-06T14:07:53.270682,/taxons/taxon/LYPES/pests,LYPES,pests,CLVD00,Pospiviroid latenscolumneae,1,Major host,"* Bhuvitarkorn S, Klinkong S and Reanwarakorn K (2019) Enhancing Columnea latent viroid detection using reverse transcription loop-mediated isothermal amplification (RT-LAMP). International Journal of Agricultural Technology 15(2): 215-228
------- confirmed host",CLVD00,Pospiviroid latenscolumneae,LYPES,Major host,,eppocode,prefname,pospiviroid latenscolumneae,,viroid,not_detected
2026-05-06T14:07:53.270682,/taxons/taxon/LYPES/pests,LYPES,pests,COLLAC,Colletotrichum acutatum sensu lato,9,Host,,COLLAC,Colletotrichum acutatum sensu lato,LYPES,Host,,eppocode,prefname,colletotrichum acutatum sensu lato,,fungus,not_detected
2026-05-06T14:07:53.270682,/taxons/taxon/LYPES/pests,LYPES,pests,COLLFC,Colletotrichum fructicola,9,Host,"* EFSA PLH Panel (EFSA Panel on Plant Health), Bragard C, Dehnen-Schmutz K, Di Serio F, Gonthier P, Jacques M-A, Jaques Miret JA, Justesen AF, MacLeod A, Magnusson CS, Milonas P, Navas-Cortes JA, Parnell S, Potting R, Thulke H-H, Van der Werf W, Civera AV, Yuen J, Zappala L,  Migheli Q, Vloutoglou I, Campese C, Maiorano A, Streissl F, Reignault PL (2021) Scientific Opinion on the pest categorisation of Colletotrichum fructicola. EFSA Journal 19(8), 6803, 41 pp",COLLFC,Colletotrichum fructicola,LYPES,Host,,eppocode,prefname,colletotrichum fructicola,,fungus,not_detected
2026-05-06T14:07:53.270682,/taxons/taxon/LYPES/pests,LYPES,pests,CORBMI,Clavibacter michiganensis,1,Major host,"* Bradbury JF (1986) Guide to plant pathogenic bacteria. CAB International, Wallingford, UK, 332 pp.

* Smith EF (1910) A new tomato disease of economic importance. Science 803, 794–796.",CORBMI,Clavibacter michiganensis,LYPES,Major host,,eppocode,prefname,clavibacter michiganensis,,bacteria,not_detected
2026-05-06T14:07:53.270682,/taxons/taxon/LYPES/pests,LYPES,pests,CORBSE,Clavibacter sepedonicus,9,Host,"* Van Vaerenbergh J, De Paepe B, Hoedekie A, Van Malderghem C, Zaluga J, De Vos P, Maes M (2016) Natural infection of Clavibacter michiganensis subsp. sepedonicus in tomato (Solanum lycopersicum). New Disease Reports 33, 7. http://dx.doi.org/10.5197/j.2044-0588.2016.033.007
------- Natural host.",CORBSE,Clavibacter sepedonicus,LYPES,Host,,eppocode,prefname,clavibacter sepedonicus,,bacteria,not_detected
2026-05-06T14:07:53.270682,/taxons/taxon/LYPES/pests,LYPES,pests,CPMMV0,Carlavirus vignae,9,Host,"* Jeyanandarajah P, Brunt AA (1993) The natural occurrence, transmission, properties and possible affinities of Cowpea mild mottle virus. Journal of Phytopathology 137(2), 148-156.",CPMMV0,Carlavirus vignae,LYPES,Host,,eppocode,prefname,carlavirus vignae,,virus,not_detected
2026-05-06T14:07:53.270682,/taxons/taxon/LYPES/pests,LYPES,pests,CRLV00,Cheravirus avii,9,Host,"* Bratsch SA, Grinstead S, Lockhart B, Mollow D (2020) Biological properties and genomic sequence of an isolate of cherry rasp leaf virus from tomato. Journal of Plant Pathology https://doi.org/10.1007/s42161-020-00522-5
------- Confirmed host.",CRLV00,Cheravirus avii,LYPES,Host,,eppocode,prefname,cheravirus avii,,virus,not_detected
2026-05-06T14:07:53.270682,/taxons/taxon/LYPES/pests,LYPES,pests,CSNV00,Orthotospovirus chrysanthinecrocaulis,9,Host,"* Review of Plant Pathology, 78(4), p 368 (2778)

* Nagata T, Resende RD, Kitajima EW, Costa H, Inoue-Nagata AK, de Ávila AC (1998) First report of natural occurrence of zucchini lethal chlorosis tospovirus on cucumber and chrysanthemum stem necrosis tospovirus on tomato in Brazil. Plant Disease 82(12), 1403.",CSNV00,Orthotospovirus chrysanthinecrocaulis,LYPES,Host,,eppocode,prefname,orthotospovirus chrysanthinecrocaulis,,virus,not_detected
2026-05-06T14:07:53.270682,/taxons/taxon/LYPES/pests,LYPES,pests,CSVD00,Pospiviroid impedichrysanthemi,10,Experimental,"* Yoon JY, Baek E, Palukaitis P (2012)Are there strains of Chrysanthemum stunt viroid? Journal of Plant Pathology 94(3), 697-701.",CSVD00,Pospiviroid impedichrysanthemi,LYPES,Experimental,,eppocode,prefname,pospiviroid impedichrysanthemi,,viroid,not_detected
2026-05-06T14:07:53.270682,/taxons/taxon/LYPES/pests,LYPES,pests,DITYDI,Ditylenchus dipsaci,9,Host,"* Goodey JB, Franklin MT, Hooper DJ (1965) T. Goodey's: The Nematode Parasites of Plants Catalogued Under Their Hosts. Commonwealth Agricultural Bureaux, Farnham Royal, Bucks, England. Third edition, 214 pp.",DITYDI,Ditylenchus dipsaci,LYPES,Host,,eppocode,prefname,ditylenchus dipsaci,,nematode,not_detected
2026-05-06T14:07:53.270682,/taxons/taxon/LYPES/pests,LYPES,pests,EMDV00,Alphanucleorhabdovirus melongenae,9,Host,"* Mavrič I, Tušek Žnidarič M, Viršček Marn M, Dolničar P, Mehle N, Lesemann DE, Ravnikar M (2006) First report of Eggplant mottled dwarf virus in potato and tomato in Slovenia. New Disease Reports. hhttps://doi.org/10.1111/j.1365-3059.2006.01414.x",EMDV00,Alphanucleorhabdovirus melongenae,LYPES,Host,,eppocode,prefname,alphanucleorhabdovirus melongenae,,virus,not_detected
2026-05-06T14:07:53.270682,/taxons/taxon/LYPES/pests,LYPES,pests,ERWICD,Dickeya dianthicola,9,Host,"* Samson R, Legendre JB, Christen R, Fischer-Le Saux M, Achouak W, Gardan L (2005) Transfer of Pectobacterium chrysanthemi (Burkholder et al., 1953) Brenner I. 1973 and Brenneria paradisiaca to the genus Dickeya gen. nov. as Dickeya chrysanthemi comb. nov and Dickeya paradisiaca comb. nov. and delineation of four novel species, Dickeya dadantii sp. nov., Dickeya dianthicola sp. nov., Dickeya dieffenbachiae sp. nov. and Dickeya zeae sp. nov. International Journal of Systematic and Evolutionary Microbiology 55, 1415–1427.",ERWICD,Dickeya dianthicola,LYPES,Host,,eppocode,prefname,dickeya dianthicola,,bacteria,not_detected
2026-05-06T14:07:53.270682,/taxons/taxon/LYPES/pests,LYPES,pests,ERWICH,Erwinia chrysanthemi,9,Host,,ERWICH,Erwinia chrysanthemi,LYPES,Host,,eppocode,prefname,erwinia chrysanthemi,,bacteria,not_detected
2026-05-06T14:07:53.270682,/taxons/taxon/LYPES/pests,LYPES,pests,ERWIRH,Erwinia rhapontici,9,Host,"* Huang HC, Hsieh TF, Erickson RS (2003) Biology and epidemiology of Erwinia rhapontici, causal agent of pink seed and crown rot of plants. Plant Pathology Bulletin 12, 69-76.",ERWIRH,Erwinia rhapontici,LYPES,Host,,eppocode,prefname,erwinia rhapontici,,bacteria,not_detected
2026-05-06T14:07:53.270682,/taxons/taxon/LYPES/pests,LYPES,pests,FUSAFO,Fusarium foetens,10,Experimental,"* Amobonye A, Bhagwat P, Ranjith D, Mohanlall V, Pillai S (2021) Characterisation, pathogenicity and hydrolytic enzyme profiling of selected Fusarium species and their inhibition by novel coumarins. Archives of Microbiology 203, 3495-3508.
------- When inoculated tomato plants showed symptoms.

* Xie Z, Li H, Gao C, Wang J, Zhang X, Lu B, Yang L, Zhang Y, Gao J (2025) Cross pathogenicity, host range and molecular characteristics of Fusarium oxysporum species complex populations isolated from tobacco in Jilin Province, China. Plant Pathology 74(1), 84-100.
------- experimental host",FUSAFO,Fusarium foetens,LYPES,Experimental,,eppocode,prefname,fusarium foetens,,fungus,not_detected
2026-05-06T14:07:53.270682,/taxons/taxon/LYPES/pests,LYPES,pests,FUSARL,Fusarium oxysporum f. sp. radicis-lycopersici,1,Major host,,FUSARL,Fusarium oxysporum f. sp. radicis-lycopersici,LYPES,Major host,,eppocode,prefname,fusarium oxysporum f. sp. radicis-lycopersici,,fungus,not_detected
2026-05-06T14:07:53.270682,/taxons/taxon/LYPES/pests,LYPES,pests,GBNV00,Orthotospovirus arachinecrosis,9,Host,"* Rai AK, Sadashiva AT, Basavaraj YB, Venugopalan R, Rao ES, Nandeesha P (2020) Genetic analysis of bud necrosis disease caused by groundnut bud necrosis virus (GBNV) in tomato (Solanum lycopersicum L.). Euphytica. 216(8), 125.",GBNV00,Orthotospovirus arachinecrosis,LYPES,Host,,eppocode,prefname,orthotospovirus arachinecrosis,,virus,not_detected
2026-05-06T14:07:53.270682,/taxons/taxon/LYPES/pests,LYPES,pests,GLOMGO,Colletotrichum gossypii,9,Host,"* Nawaz HH, Anam U, He Q, Liu W B, Miao W (2019) First report of anthracnose caused by Colletotrichum gossypii on tomato in Hainan, China. Plant Disease 103 (1), 161. DOI:10.1094/PDIS-03-18-0412-PDN
------- confirmed host, near a field of cotton.",GLOMGO,Colletotrichum gossypii,LYPES,Host,,eppocode,prefname,colletotrichum gossypii,,fungus,not_detected
2026-05-06T14:07:53.270682,/taxons/taxon/LYPES/pests,LYPES,pests,GRSV00,Orthotospovirus arachianuli,9,Host,"* Webster CG, Turechek WW, Mellinger HC, Frantz G, Roe N, Yonce H, Vallad GE, Adkins S (2011) Expansion of Groundnut ringspot virus host and geographic ranges in solanaceous vegetables in peninsular Florida. Plant Health Progress https://www.plantmanagementnetwork.org/pub/php/brief/2011/grsv/

* Williams LV, Lopez Lambertini PM, Shohara K, Biderbost EB (2001) Occurrence and geographical distribution of Tospovirus species infecting tomato crops in Argentina. Plant Disease 85(12), 1227-1229.",GRSV00,Orthotospovirus arachianuli,LYPES,Host,,eppocode,prefname,orthotospovirus arachianuli,,virus,not_detected
2026-05-06T14:07:53.270682,/taxons/taxon/LYPES/pests,LYPES,pests,HETDPA,Globodera pallida,9,Host,"* Price JA, Coyne D, Blok VC, Jones JT (2021) Potato cyst nematodes Globodera rostochiensis and G. pallida. Molecular Plant Pathology  22, 495-507. https://doi.org/10.1111/mpp.13047

* Sullivan MJ, Inserra RN, Franco J, Moreno-Leheude I, Greco N (2007) Potato cyst nematodes: Plant host status and their regulatory impact. Nematropica 37, 193-201.",HETDPA,Globodera pallida,LYPES,Host,,eppocode,prefname,globodera pallida,,nematode,not_detected
2026-05-06T14:07:53.270682,/taxons/taxon/LYPES/pests,LYPES,pests,HETDRO,Globodera rostochiensis,9,Host,"* Price JA, Coyne D, Blok VC, Jones JT (2021) Potato cyst nematodes Globodera rostochiensis and G. pallida. Molecular Plant Pathology  22, 495-507. https://doi.org/10.1111/mpp.13047

* Sullivan MJ, Inserra RN, Franco J, Moreno-Leheude I, Greco N (2007) Potato cyst nematodes: Plant host status and their regulatory impact. Nematropica 37, 193-201.",HETDRO,Globodera rostochiensis,LYPES,Host,,eppocode,prefname,globodera rostochiensis,,nematode,not_detected
2026-05-06T14:07:53.270682,/taxons/taxon/LYPES/pests,LYPES,pests,INSV00,Orthotospovirus impatiensnecromaculae,9,Host,"* Adegbola RO, Marshall SH, Batuman O, Ullman DE, Gilbertson RL, Adkins S, Naidu RA (2019) Sequence analysis of the medium and small RNAs of impatiens necrotic spot virus reveals segment reassortment but not recombination.  Archives of Virology 164, 2829–2836.

* Daughtrey ML, Jones RK, Moyer JW, Daub ME, Baker JR (1997) Tospoviruses strike the greenhouse industry: INSV has become a major pathogen on flower crops. Plant Disease 81(11),  1220-1230.",INSV00,Orthotospovirus impatiensnecromaculae,LYPES,Host,,eppocode,prefname,orthotospovirus impatiensnecromaculae,,virus,not_detected
2026-05-06T14:07:53.270682,/taxons/taxon/LYPES/pests,LYPES,pests,LCV000,Crinivirus lactucachlorosi,9,Host,"* Zhang SB, Zhang DY, Liu Y, Luo XW, Liu MY, Du J, Wang MC (2017) First report of Lettuce chlorosis virus infecting tomato in China. Plant Disease 101(5), p 846.",LCV000,Crinivirus lactucachlorosi,LYPES,Host,,eppocode,prefname,crinivirus lactucachlorosi,,virus,not_detected
2026-05-06T14:07:53.270682,/taxons/taxon/LYPES/pests,LYPES,pests,LEV000,Lucerne enation virus,9,Host,,LEV000,Lucerne enation virus,LYPES,Host,,eppocode,prefname,lucerne enation virus,,virus,not_detected
2026-05-06T14:07:53.270682,/taxons/taxon/LYPES/pests,LYPES,pests,LIBEAS,'Candidatus Liberibacter asiaticus',10,Experimental,"* Duan YP, Gottwald T, Zhou LJ, Gabriel DW (2008) First report of dodder transmission of 'Candidatus Liberibacter asiaticus' to tomato (Lycopersicon esculentum). Plant Disease, 92(5), 831.",LIBEAS,'Candidatus Liberibacter asiaticus',LYPES,Experimental,,eppocode,prefname,'candidatus liberibacter asiaticus',,bacteria,not_detected
2026-05-06T14:07:53.270682,/taxons/taxon/LYPES/pests,LYPES,pests,LIBEPS,'Candidatus Liberibacter solanacearum',1,Major host,"* Ling KS, Lin H, Lexis Ivey ML, Shang W, Miller SA (2011) First report of 'Candidatus Liberibacter solanacearum' naturally infecting tomatoes in the state of Mexico, Mexico. Plant Disease 95(8), 1026-1027.",LIBEPS,'Candidatus Liberibacter solanacearum',LYPES,Major host,,eppocode,prefname,'candidatus liberibacter solanacearum',,bacteria,not_detected
2026-05-06T14:07:53.270682,/taxons/taxon/LYPES/pests,LYPES,pests,MELGCH,Meloidogyne chitwoodi,1,Major host,"* Nyczepir AP, O'Bannon JH, Santo GS, Finley AM (1982) Incidence and distinguishing characteristics of Meloidogyne chitwoodi and M. hapla in potato from the northwestern United States. Journal of Nematology 14, 347-353.

* Santo GS, O'Bannon JH, Finley AM, Golden AM (1980) Occurrence and host range of a new root-knot nematode (Meloidogyne chitwoodi) in the Pacific northwest. Plant Disease 64, 951-952.",MELGCH,Meloidogyne chitwoodi,LYPES,Major host,,eppocode,prefname,meloidogyne chitwoodi,,nematode,not_detected
2026-05-06T14:07:53.270682,/taxons/taxon/LYPES/pests,LYPES,pests,MELGET,Meloidogyne ethiopica,1,Major host,"* Carneiro R M D G, Gomes C B, Almeida M R A, Gomes A C M M & Martins I (2003) First record of Meloidogyne ethiopica Whitehead, 1968 on kiwi in Brazil and reaction of different plant species. (Primeiro Registro de Meloidogyne ethiopica Whitehead, 1968, em plantas de quivi no Brasil e reação em diferentes plantas cultivadas.). Nematologia Brasileira, 27(2), 151-158.

* Mandefro W & Dagne K (2000) Cytogenetic and esterase isozyme variation of root-knot nematode populations from Ethiopia. Afr. J. Plant. Prot. 10, 39-47.

* Gabriel M, Kulczynski SM, Belle C, Kirsch VG & Calderan-Bisognin A (2018) Reação de gramíneas forrageiras a Meloidogyne spp. e Pratylenchus brachyurus. Nematropica 48(2), 155-163.
-------In experiments, cv. Santa Cruz was found to be a good host.",MELGET,Meloidogyne ethiopica,LYPES,Major host,,eppocode,prefname,meloidogyne ethiopica,,nematode,not_detected
2026-05-06T14:07:53.270682,/taxons/taxon/LYPES/pests,LYPES,pests,MELGEX,Meloidogyne exigua,9,Host,,MELGEX,Meloidogyne exigua,LYPES,Host,,eppocode,prefname,meloidogyne exigua,,nematode,not_detected
2026-05-06T14:07:53.270682,/taxons/taxon/LYPES/pests,LYPES,pests,MELGFA,Meloidogyne fallax,1,Major host,"* Goossens JJM (1995) Host range test of Meloidogyne n.sp. In: Annual Report 1994 Diagnostic Centre, pp. 95-97. Plant Protection Service, Wageningen (NL).",MELGFA,Meloidogyne fallax,LYPES,Major host,,eppocode,prefname,meloidogyne fallax,,nematode,not_detected
2026-05-06T14:07:53.270682,/taxons/taxon/LYPES/pests,LYPES,pests,MELGFL,Meloidogyne floridensis,9,Host,"* Marquez J, Forghani F, Hajihassani A (2021) First report of the root-knot nematode, Meloidogyne floridensis, on tomato in Georgia, USA. Plant Disease 105(4), 1228. https://doi.org/10.1094/PDIS-10-20-2286-PDN

* Marquez J, Hajihassani A (2023) Identification and virulence of five isolates of root-knot nematode Meloidogyne floridensis on vegetables. Plant Disease 107(5), 1522-15888.",MELGFL,Meloidogyne floridensis,LYPES,Host,,eppocode,prefname,meloidogyne floridensis,,nematode,not_detected
2026-05-06T14:07:53.270682,/taxons/taxon/LYPES/pests,LYPES,pests,MELGGC,Meloidogyne graminicola,9,Host,"* EPPO (2023) Report of a pest risk analysis for Meloidogyne graminicola. EPPO, Paris. Available at https://gd.eppo.int/taxon/MELGGC/documents
------- conflicting publications on host status.

* Dabur KR, Taya AS & Bajaj HK (2004) Life cycle of Meloidogyne graminicola on paddy and its host range studies. Indian Journal of Nematology 34, 80-84.
------- does not support multiplication of Meloidogyne graminicola 

* Pan S, Liu C, Zhang F, Chen Z, Li Y (2022) First report of Meloidogyne graminicola on tomato (Solanum lycopersicum) in Hainan, China. Plant Disease 106(7), 2000-2001. https://doi.org/10.1094/PDIS-09-21-1942-PDN
------- confirmed host. Reproduction factor = 5.3

* Rusinque L, Maleita C, Abrantes I, Palomares-Rius JE, Inácio ML (2021) Meloidogyne graminicola - A threat to rice production: review update on distribution, biology, identification, and management. Biology 10, 1163. https://doi.org/10.3390/biology10111163
------- host.",MELGGC,Meloidogyne graminicola,LYPES,Host,,eppocode,prefname,meloidogyne graminicola,,nematode,not_detected
2026-05-06T14:07:53.270682,/taxons/taxon/LYPES/pests,LYPES,pests,MELGLC,Meloidogyne luci,9,Host,"* Sen F, Aydinli (2021) Host status of cultivated crops to Meloidogyne luci. European Journal of Plant Pathology 161(3), 607-618.
------- In experiments, cvs. Barbaros F1, Falcon, H-2274, Rio Grande, Super Ancon were found to be excellent hosts.

* Strajnar P, Širca S, Knapič M & Urek G (2011) Effect of Slovenian climatic conditions on the development and survival of the root-knot nematode Meloidogyne ethiopica. European Journal of Plant Pathology 129, 81-88
-------In experiments, cv. San Marzano F1 was found to be an exelent host (RF = 91)",MELGLC,Meloidogyne luci,LYPES,Host,,eppocode,prefname,meloidogyne luci,,nematode,not_detected
2026-05-06T14:07:53.270682,/taxons/taxon/LYPES/pests,LYPES,pests,MELGMA,Meloidogyne mali,9,Host,"* Ambrogioni L, Carletti B, Roversi PF (2014) Chapter 14 Nematodi galligeni pp. 338-365. In: Nematologia Agraria generale e applicata (Ambrogioni L., d'Errico F.P., Greco N., Marinari Palmisano A. Roversi P.F. eds.). Società Italiana di Nematologia - Tipografia Cuppini – Florence
------- confirmed host (in experimental conditions)",MELGMA,Meloidogyne mali,LYPES,Host,,eppocode,prefname,meloidogyne mali,,nematode,not_detected
2026-05-06T14:07:53.270682,/taxons/taxon/LYPES/pests,LYPES,pests,MELGMY,Meloidogyne enterolobii,1,Major host,"* Yang B, Eisenback JD (1983) Meloidogyne enterolobii n.sp. (Meloidogynidae), a root-knot nematode parasitizing pacara earpot tree in China. Journal of Nematology 15(3), 381–391

* Brito JA, Kaur R, Cetintas R, Stanley JD, Mendes ML, McAvoy EJ, Powers TO, Dickson DW (2008) Identification and isozyme characterization of Meloidogyne spp. infecting horticultural and agronomic drops, and weeds in Florida. Nematology 10(5), 757-766. https://doi.org/10.1163/156854108785787253
------- confirmed host as Solanum esculentum

* Kiewnick S, Karssen G, Brito JA, Oggenfuss M, Frey JE (2008) First report of root-knot nematode Meloidogyne enterolobii on tomato and cucumber in Switzerland. Plant Disease. 92, 1370.
------- confirmed host.",MELGMY,Meloidogyne enterolobii,LYPES,Major host,,eppocode,prefname,meloidogyne enterolobii,,nematode,not_detected
2026-05-06T14:07:53.270682,/taxons/taxon/LYPES/pests,LYPES,pests,NACOBA,Nacobbus aberrans sensu lato,1,Major host,"* Manzanilla-López RH, Costilla MA, Doucet M, Inserra RN, Lehman PS, Cid del Prado-Vera I, Souza RM, Evans K (2002) The genus Nacobbus Thorne & Allen, 1944 (Nematoda: Pratylenchidae): systematics, distribution, biology and management. Nematropica 32, 149-226.",NACOBA,Nacobbus aberrans sensu lato,LYPES,Major host,,eppocode,prefname,nacobbus aberrans sensu lato,,nematode,not_detected
2026-05-06T14:07:53.270682,/taxons/taxon/LYPES/pests,LYPES,pests,PBRSV0,Nepovirus solani,10,Experimental,"* Fribourg CE (1977) Andean potato calico strain of tobacco ringspot virus. Phytopathology 67, 174-178.
------- TRSV-Ca. As Lycopersicon esculentum.

* Salazar LF, Harrison BD (1978) Host range and properties of potato black ringspot virus. Annals of Applied Biology 90, 375-386.
------- PBRSV. As Lycopersicon esculentum cv. Kondine Red.",PBRSV0,Nepovirus solani,LYPES,Experimental,,eppocode,prefname,nepovirus solani,,virus,not_detected
2026-05-06T14:07:53.270682,/taxons/taxon/LYPES/pests,LYPES,pests,PCFVD0,Pospiviroid parvicapsici,9,Host,"* Gibbs MJ, Chambers G, Seyb A, Mackie J, Constable F, Rodoni B, Letham D, Davis K (2013) First report of Pepper chat fruit viroid in traded tomato seed, an interception by Australian Biosecurity. Plant Disease 97(10), p 1386.

* Reanwarakorn K, Klinkong S, Porsoongnurn J (2011) First report of natural infection of Pepper chat fruit viroid in tomato plants in Thailand. New Disease Reports 24, 6. http://www.ndrs.org.uk/article.php?id=024006
------- Natural infection.

* Verhoeven JT, Jansen CC, Roenhorst JW, Flores R, de la Peña M (2009) Pepper chat fruit viroid: biological and molecular properties of a proposed new species of the genus Pospiviroid. Virus Research 144(1-2), 209-14. https://doi.org/10.1016/j.virusres.2009.05.002.
------- Symptoms observed after mechanical inoculation.",PCFVD0,Pospiviroid parvicapsici,LYPES,Host,,eppocode,prefname,pospiviroid parvicapsici,,viroid,not_detected
2026-05-06T14:07:53.270682,/taxons/taxon/LYPES/pests,LYPES,pests,PDMV00,Potato deforming mosaic virus (Argentina),10,Experimental,,PDMV00,Potato deforming mosaic virus (Argentina),LYPES,Experimental,,eppocode,prefname,potato deforming mosaic virus (argentina),,virus,not_detected
2026-05-06T14:07:53.270682,/taxons/taxon/LYPES/pests,LYPES,pests,PEPGMV,Begomovirus capsicummusivi,1,Major host,,PEPGMV,Begomovirus capsicummusivi,LYPES,Major host,,eppocode,prefname,begomovirus capsicummusivi,,virus,not_detected
2026-05-06T14:07:53.270682,/taxons/taxon/LYPES/pests,LYPES,pests,PEPMTV,Pepper mild tigré virus,10,Experimental,,PEPMTV,Pepper mild tigré virus,LYPES,Experimental,,eppocode,prefname,pepper mild tigre virus,,virus,not_detected
2026-05-06T14:07:53.270682,/taxons/taxon/LYPES/pests,LYPES,pests,PEPMV0,Potexvirus pepini,1,Major host,"* Van der Vlugt RAA, Stijger CCMM, Verhoeven JThJ, Lesemann DE (2000) First report of Pepino mosaic virus on tomato. Plant Disease 84, 103.",PEPMV0,Potexvirus pepini,LYPES,Major host,,eppocode,prefname,potexvirus pepini,,virus,not_detected
2026-05-06T14:07:53.270682,/taxons/taxon/LYPES/pests,LYPES,pests,PEPRSV,Tobravirus capsici,9,Host,"* Kitajima EW,  Costa AS (1969) Association of pepper ringspot virus (Brazilian tobacco rattle virus) and host cell mitochondria. Journal of General Virology, 4(2), 177-181.",PEPRSV,Tobravirus capsici,LYPES,Host,,eppocode,prefname,tobravirus capsici,,virus,not_detected
2026-05-06T14:07:53.270682,/taxons/taxon/LYPES/pests,LYPES,pests,PHYP01,Tomato big bud phytoplasma,9,Host,,PHYP01,Tomato big bud phytoplasma,LYPES,Host,,eppocode,prefname,tomato big bud phytoplasma,,phytoplasma,not_detected
2026-05-06T14:07:53.270682,/taxons/taxon/LYPES/pests,LYPES,pests,PHYP30,Peach rosette phytoplasma,10,Experimental,"* Kirkpatrick BC (1995) Peach rosette. In: Compendium of stone fruit diseases. APS Press, St Paul, USA.

* Kunkel LO (1943) New hosts as a key to progress in plant virus disease research. In: Virus Diseases. Ithaca, USA: Rockerfeller Institute for Medical Research, 61-82.",PHYP30,Peach rosette phytoplasma,LYPES,Experimental,,eppocode,prefname,peach rosette phytoplasma,,phytoplasma,not_detected
2026-05-06T14:07:53.270682,/taxons/taxon/LYPES/pests,LYPES,pests,PHYPMA,'Candidatus Phytoplasma mali',10,Experimental,"* Seemüller E, Carraro L, Jarausch W, Schneider B (2011) Apple proliferation phytoplasma. In: Hadidi A, Barba M, Candresse T, Jelkmann W (Eds) Virus and Virus-like Diseases of Pome and Stone fruits, APS, pp 67-73.",PHYPMA,'Candidatus Phytoplasma mali',LYPES,Experimental,,eppocode,prefname,'candidatus phytoplasma mali',,phytoplasma,not_detected
2026-05-06T14:07:53.270682,/taxons/taxon/LYPES/pests,LYPES,pests,PHYPSO,'Candidatus Phytoplasma solani',1,Major host,"* Ember I, Acs Z, Munyaneza JE, Crosslin JM, Kolber M (2011) Survey and molecular detection of phytoplasmas associated with potato in Romania and southern Russia. European Journal of Plant Pathology 130(3), 367-377.

* Quaglino F, Zhao Y, Casati P, Bulgari D, Bianco PA, Wei W, Davis RE (2013) ‘Candidatus Phytoplasma solani’, a novel taxon associated with stolbur- and bois noir-related diseases of plants. International Journal of Systematic and Evolutionary Microbiology 63, 2879-2894.",PHYPSO,'Candidatus Phytoplasma solani',LYPES,Major host,,eppocode,prefname,'candidatus phytoplasma solani',,phytoplasma,not_detected
2026-05-06T14:07:53.270682,/taxons/taxon/LYPES/pests,LYPES,pests,PHYPTR,'Candidatus Phytoplasma trifolii',9,Host,"* Hiruki C, Wang K (2004) Clover proliferation phytoplasma: 'Candidatus Phytoplasma trifolii'. International Journal of Systematic and Evolutionary Microbiology 54, 1349-1353.",PHYPTR,'Candidatus Phytoplasma trifolii',LYPES,Host,,eppocode,prefname,'candidatus phytoplasma trifolii',,phytoplasma,not_detected
2026-05-06T14:07:53.270682,/taxons/taxon/LYPES/pests,LYPES,pests,PHYTCP,Phytophthora capsici,9,Host,,PHYTCP,Phytophthora capsici,LYPES,Host,,eppocode,prefname,phytophthora capsici,,oomycete,not_detected
2026-05-06T14:07:53.270682,/taxons/taxon/LYPES/pests,LYPES,pests,PHYTCR,Phytophthora cryptogea,9,Host,,PHYTCR,Phytophthora cryptogea,LYPES,Host,,eppocode,prefname,phytophthora cryptogea,,oomycete,not_detected
2026-05-06T14:07:53.270682,/taxons/taxon/LYPES/pests,LYPES,pests,PHYTNP,Phytophthora nicotianae,9,Host,,PHYTNP,Phytophthora nicotianae,LYPES,Host,,eppocode,prefname,phytophthora nicotianae,,oomycete,not_detected
2026-05-06T14:07:53.270682,/taxons/taxon/LYPES/pests,LYPES,pests,PHYVV0,Begomovirus capsicumhuastecoense,9,Host,"* Idris AM, Lee SH, Brown JK (1999) First report of Chino del tomate and pepper huasteco geminiviruses in greenhouse-grown tomato in Sonora, Mexico. Plant Disease 83(4), p 396.",PHYVV0,Begomovirus capsicumhuastecoense,LYPES,Host,,eppocode,prefname,begomovirus capsicumhuastecoense,,virus,not_detected
2026-05-06T14:07:53.270682,/taxons/taxon/LYPES/pests,LYPES,pests,PLRV00,Polerovirus PLRV,9,Host,"* Koç G (2020) Preliminarly survey results and phylogenetic analysis for Tomato yellow leaf curl virus and Potato leaf roll virus on tomato grown in Adana. International Journal of Agriculture, Environment and Food Sciences 4(2), 216-223.

* EFSA (2020) Scientific Opinion on the pest categorisation of potato leafroll virus (non-EU isolates). EFSA Journal 18(1), 5939. 35 pp. https://doi.org/10.2903/j.efsa.2020.5939
------- S. lycopersicon is also a host for the (non-European) isolates PLRV-TYTV",PLRV00,Polerovirus PLRV,LYPES,Host,,eppocode,prefname,polerovirus plrv,,virus,not_detected
2026-05-06T14:07:53.270682,/taxons/taxon/LYPES/pests,LYPES,pests,POTRSV,Torradovirus nanorugosum,10,Experimental,"* Alvarez Quinto RA, Amao M, Muller G, Fuentes S, Grinstead S, Fuentes-Bueno I, Roenhorst A, Westenberg M, Botermans M, Kreuze J, Mollov D (2023) Evidence that an unnamed isometric virus associated with potato rugose disease in Peru is a new species of torradovirus. Phytopathology 113(9), 1716-1728. https://doi.org/10.1094/PHYTO-11-22-0449-V
------- asymptomatic",POTRSV,Torradovirus nanorugosum,LYPES,Experimental,,eppocode,prefname,torradovirus nanorugosum,,virus,not_detected
2026-05-06T14:07:53.270682,/taxons/taxon/LYPES/pests,LYPES,pests,PSDMCI,Pseudomonas cichorii,9,Host,"* Arshad S, Nematollahi S, Rouhrazi K, Khezrinejad N (2021) Characterization of Pseudomonas cichorii isolated from tomato and lettuce in Iran. Journal of Plant Pathology 103(3), 853-861.",PSDMCI,Pseudomonas cichorii,LYPES,Host,,eppocode,prefname,pseudomonas cichorii,,bacteria,not_detected
2026-05-06T14:07:53.270682,/taxons/taxon/LYPES/pests,LYPES,pests,PSDMS1,Ralstonia solanacearum race 1 (no longer in use),1,Major host,,PSDMS1,Ralstonia solanacearum race 1 (no longer in use),LYPES,Major host,,eppocode,prefname,ralstonia solanacearum race 1 (no longer in use),,bacteria,not_detected
2026-05-06T14:07:53.270682,/taxons/taxon/LYPES/pests,LYPES,pests,PSDMS3,Ralstonia solanacearum race 3 (no longer in use),9,Host,,PSDMS3,Ralstonia solanacearum race 3 (no longer in use),LYPES,Host,,eppocode,prefname,ralstonia solanacearum race 3 (no longer in use),,bacteria,not_detected
2026-05-06T14:07:53.270682,/taxons/taxon/LYPES/pests,LYPES,pests,PSTVD0,Pospiviroid fusituberis,9,Host,"* Natarajamurthy S, Bhat SKS, Gottravalli Ramanayaka J (2021) Occurrence of natural infection of tomato by Potato spindle tuber viroid (PSTVd) in India. Australasian Plant Disease Notes 16, 20. https://doi.org/10.1007/s13314-021-00432-0

* Puchta H, Herold T, Verhoeven K, Roenhorst A, Ramm K, Schmidt-Puchta W, Sänger HL (1990) A new strain of potato spindle tuber viroid (PSTVd-N) exhibits major sequence differences as compared to all other PSTVd strains sequenced so far. Plant Molecular Biology 15, 509-511.",PSTVD0,Pospiviroid fusituberis,LYPES,Host,,eppocode,prefname,pospiviroid fusituberis,,viroid,not_detected
2026-05-06T14:07:53.270682,/taxons/taxon/LYPES/pests,LYPES,pests,PVH000,Carlavirus chisolani,9,Host,"* Xu Z, Weng H, Yang Z, Wang L, Mao Q, Cao Y, Song X, Rao S, Chen J, Li Y, Li J (2024) First report of potato virus H infecting tomato (Solanum lycopersicum) in China. Plant Disease. 108(10): 3204.",PVH000,Carlavirus chisolani,LYPES,Host,,eppocode,prefname,carlavirus chisolani,,virus,not_detected
2026-05-06T14:07:53.270682,/taxons/taxon/LYPES/pests,LYPES,pests,PVS000,Carlavirus sigmasolani,9,Host,"* Predajňa L, Šoltys K, Kraic J, Mihálik D, Glasa M (2017) First Report of Potato Virus S Infecting Tomato in Slovakia. Journal of Plant Pathology 99(3), 799-818.",PVS000,Carlavirus sigmasolani,LYPES,Host,,eppocode,prefname,carlavirus sigmasolani,,virus,not_detected
2026-05-06T14:07:53.270682,/taxons/taxon/LYPES/pests,LYPES,pests,PVX000,Potexvirus ecspotati,9,Host,"* Ben Moussa A, Makni M, Marrakchi M (2000) Identification of the principal viruses infecting tomato crops in Tunisia. Bulletin OEPP 30(2), 293-296.",PVX000,Potexvirus ecspotati,LYPES,Host,,eppocode,prefname,potexvirus ecspotati,,virus,not_detected
2026-05-06T14:07:53.270682,/taxons/taxon/LYPES/pests,LYPES,pests,PYDV00,Alphanucleorhabdovirus tuberosum,10,Experimental,"* Black LM (1937) A study of Potato yellow dwarf in New York. Cornell Agricultural Experiment Station, Vol. 209, 23 pp.",PYDV00,Alphanucleorhabdovirus tuberosum,LYPES,Experimental,,eppocode,prefname,alphanucleorhabdovirus tuberosum,,virus,not_detected
2026-05-06T14:07:53.270682,/taxons/taxon/LYPES/pests,LYPES,pests,PYMV00,Begomovirus tuberosi,1,Major host,"* Polston JE, Anderson PK (1997) The emergence of whitefly-transmitted geminiviruses in tomato in the Western Hemisphere. Plant Disease 81(12) 1358-1369.

* Romay G, Chirinos DT, Geraud-Pouey F, Torres M, Bragard C (2016) First report of Potato yellow mosaic virus infecting Solanum americanum in Venezuela. New Disease Reports 34, 20.

* Vaca-Vaca JC, Jara-Tejada F, Lopez-Lopez K (2020) Partial molecular characterization of begomoviruses isolated from weeds collected in tomato crops in the southeast of Valle del Cauca, Colombia. Revista Colombiana de Ciencias Hortícolas 14(1), 115-124.",PYMV00,Begomovirus tuberosi,LYPES,Major host,,eppocode,prefname,begomovirus tuberosi,,virus,not_detected
2026-05-06T14:07:53.270682,/taxons/taxon/LYPES/pests,LYPES,pests,PYV000,Potato yellowing virus,10,Experimental,"* Silvestre R, Fuentes S, Risco R, Berrocal A, Adams I, Fox A, Cuellar WJ, Kreuze J (2020) Characterization of distinct strains of an aphid-transmitted ilarvirus (Fam. Bromoviridae) infecting different hosts from South America. Virus research 282, 197944. https://doi.org/10.1016/j.virusres.2020.197944",PYV000,Potato yellowing virus,LYPES,Experimental,,eppocode,prefname,potato yellowing virus,,virus,not_detected
2026-05-06T14:07:53.270682,/taxons/taxon/LYPES/pests,LYPES,pests,PYVV00,Crinivirus flavisolani,9,Host,"* Muñoz Baena L, Gutiérrez Sánchez PA, Marín Montoya M (2017) Secuenciación del genoma completo del Potato yellow vein virus (PYVV) en tomate (Solanum lycopersicum) en Colombia. Acta Biológica Colombiana 22(1), 5-17. http://dx.doi.org/10.15446/abc.v22n1.59211

* Salazar L, Muller G, Querci M, Zapata J, Owens R (2000) Potato yellow vein virus: its host range, distribution in South America and identification as a Crinivirus transmitted by Trialeurodes vaporariorum. Annals of Applied Biology 137(1), 7-19.",PYVV00,Crinivirus flavisolani,LYPES,Host,,eppocode,prefname,crinivirus flavisolani,,virus,not_detected
2026-05-06T14:07:53.270682,/taxons/taxon/LYPES/pests,LYPES,pests,PZSV00,Anulavirus PZSV,1,Major host,,PZSV00,Anulavirus PZSV,LYPES,Major host,,eppocode,prefname,anulavirus pzsv,,virus,not_detected
2026-05-06T14:07:53.270682,/taxons/taxon/LYPES/pests,LYPES,pests,RALSPS,Ralstonia pseudosolanacearum,1,Major host,"* Klass TL, Hayes MM, Seng KH, An C, Rotondo F, Shoaf WW, Ong S, Tho KE, Allen C, Miller SA, Jacobs JM (2020) First report of bacterial wilt of tomato caused by Ralstonia pseudosolanacearum (Ralstonia solanacearum phylotype I) in Cambodia. Plant Disease 104(3), p 969.

* Kunwar S, Bamazi B, Banito A, Carter M, Weinstein S, Steidl O, Hayes MM, Allen C, Paret M (2021) First report of bacterial wilt wisease of tomato, pepper, and gboma caused by Ralstonia solanacearum Species Complex in Togo. Plant Disease 105(2), 484.",RALSPS,Ralstonia pseudosolanacearum,LYPES,Major host,,eppocode,prefname,ralstonia pseudosolanacearum,,bacteria,not_detected
2026-05-06T14:07:53.270682,/taxons/taxon/LYPES/pests,LYPES,pests,RALSSI,Ralstonia syzygii subsp. indonesiensis,1,Major host,"* Safni I, Subandiyah S, Fegan M (2018) Ecology, Epidemiology and Disease Management of Ralstonia syzygii in Indonesia. Frontiers in Microbiology 9, 419
------- confirmed host.",RALSSI,Ralstonia syzygii subsp. indonesiensis,LYPES,Major host,,eppocode,prefname,ralstonia syzygii subsp. indonesiensis,,bacteria,not_detected
2026-05-06T14:07:53.270682,/taxons/taxon/LYPES/pests,LYPES,pests,RALSSL,Ralstonia solanacearum,1,Major host,"* Gutarra L, Herrera J, Fernandez E, Kreuze J, Lindqvist-Kreuze H (2017) Diversity, pathogenicity, and current occurrence of bacterial wilt bacterium Ralstonia solanacearum in Peru. Frontiers in Plant Science 8, 1221 DOI=10.3389/fpls.2017.01221

* Hong JC, Norman DJ, Reed DL, Momol MT and Jones JB (2012) Diversity among Ralstonia solanacearum strains isolated from the southeastern United States. Phytopathology 102:924-936.

* Mahbou Somo Toukam G, Cellier G, Wicker E, Guilbaud C, Kahane R, Allen C, Prior P (2009) Broad diversity of Ralstonia solanacearum strains in Cameroon. Plant Disease 93, 1123-1130

* N'Guessan CA, Abo K, Fondio L, Chiroleu F, Lebeau A, Poussier S, Wicker E, and Koné D (2012) So near and yet so far: the specific case of Ralstonia solanacearum populations from Côte d'Ivoire in Africa. Phytopathology 102, 733-740

* Poussier S, Prior P, Luisetti J, Hayward C, Fegan M (2000) Partial sequencing of the hrpB and endoglucanase genes confirms and expands the known diversity within the Ralstonia solanacearum Species Complex. Systematic and Applied Microbiology 23, 479-486

* Ramsubhag A, Lawrence D, Cassie D, Fraser R, Umaharan P, Prior P and Wicker E (2012) Wide genetic diversity of Ralstonia solanacearum strains affecting tomato in Trinidad, West Indies. Plant Pathology, 61: 844-857 

* Wicker E, Grassart L, Coranson-Beaudu R, Mian D, Guilbaud C, Fegan M, Prior P (2007) Ralstonia solanacearum strains from Martinique (French West Indies) exhibiting a new pathogenic potential. Applied and Environmental Microbiology 73(21), 6790-801. doi: 10.1128/AEM.00841-07",RALSSL,Ralstonia solanacearum,LYPES,Major host,,eppocode,prefname,ralstonia solanacearum,,bacteria,not_detected
2026-05-06T14:07:53.270682,/taxons/taxon/LYPES/pests,LYPES,pests,RALSSO,Ralstonia solanacearum species complex,1,Major host,"* Klass TL, Hayes MM, Seng KH, An C, Rotondo F, Shoaf WW, Ong S, Tho KE, Allen C, Miller SA, Jacobs JM (2020) First report of bacterial wilt of tomato caused by Ralstonia pseudosolanacearum (Ralstonia solanacearum phylotype I) in Cambodia. Plant Disease 104(3), p 969.

* Kunwar S, Bamazi B, Banito A, Carter M, Weinstein S, Steidl O, Hayes MM, Allen C, Paret M (2021) First report of bacterial wilt wisease of tomato, pepper, and gboma caused by Ralstonia solanacearum Species Complex in Togo. Plant Disease 105(2), 484. 

* Gutarra L, Herrera J, Fernandez E, Kreuze J, Lindqvist-Kreuze H (2017) Diversity, pathogenicity, and current occurrence of bacterial wilt bacterium Ralstonia solanacearum in Peru. Frontiers in Plant Science 8, 1221 DOI=10.3389/fpls.2017.01221

* Hong JC, Norman DJ, Reed DL, Momol MT and Jones JB (2012) Diversity among Ralstonia solanacearum strains isolated from the southeastern United States. Phytopathology 102:924-936.

* Mahbou Somo Toukam G, Cellier G, Wicker E, Guilbaud C, Kahane R, Allen C, Prior P (2009) Broad diversity of Ralstonia solanacearum strains in Cameroon. Plant Disease 93, 1123-1130

* N'Guessan CA, Abo K, Fondio L, Chiroleu F, Lebeau A, Poussier S, Wicker E, and Koné D (2012) So near and yet so far: the specific case of Ralstonia solanacearum populations from Côte d'Ivoire in Africa. Phytopathology 102, 733-740

* Poussier S, Prior P, Luisetti J, Hayward C, Fegan M (2000) Partial sequencing of the hrpB and endoglucanase genes confirms and expands the known diversity within the Ralstonia solanacearum Species Complex. Systematic and Applied Microbiology 23, 479-486

* Ramsubhag A, Lawrence D, Cassie D, Fraser R, Umaharan P, Prior P and Wicker E (2012) Wide genetic diversity of Ralstonia solanacearum strains affecting tomato in Trinidad, West Indies. Plant Pathology, 61: 844-857 

* Safni I, Subandiyah S, Fegan M (2018) Ecology, Epidemiology and Disease Management of Ralstonia syzygii in Indonesia. Frontiers in Microbiology 9, 419
------- confirmed host of Ralstonia syzygii subsp. indonesiensis.

* Wicker E, Grassart L, Coranson-Beaudu R, Mian D, Guilbaud C, Fegan M, Prior P (2007) Ralstonia solanacearum strains from Martinique (French West Indies) exhibiting a new pathogenic potential. Applied and Environmental Microbiology 73(21), 6790-801. doi: 10.1128/AEM.00841-07",RALSSO,Ralstonia solanacearum species complex,LYPES,Major host,,eppocode,prefname,ralstonia solanacearum species complex,,bacteria,not_detected
2026-05-06T14:07:53.270682,/taxons/taxon/LYPES/pests,LYPES,pests,RALSSY,Ralstonia syzygii,1,Major host,"* Safni I, Subandiyah S, Fegan M (2018) Ecology, Epidemiology and Disease Management of Ralstonia syzygii in Indonesia. Frontiers in Microbiology 9, 419
------- confirmed host of Ralstonia syzygii subsp. indonesiensis.",RALSSY,Ralstonia syzygii,LYPES,Major host,,eppocode,prefname,ralstonia syzygii,,bacteria,not_detected
2026-05-06T14:07:53.270682,/taxons/taxon/LYPES/pests,LYPES,pests,RPRSV0,Nepovirus rubi,10,Experimental,,RPRSV0,Nepovirus rubi,LYPES,Experimental,,eppocode,prefname,nepovirus rubi,,virus,not_detected
2026-05-06T14:07:53.270682,/taxons/taxon/LYPES/pests,LYPES,pests,SEPTLM,Septoria malagutii,10,Experimental,"* Piglionica V, Malaguti G, Ciccarone A and Boerema GH (1978) La septoriosi della patata. Phytopathologia Mediterranea, 17, 81–89.",SEPTLM,Septoria malagutii,LYPES,Experimental,,eppocode,prefname,septoria malagutii,,fungus,not_detected
2026-05-06T14:07:53.270682,/taxons/taxon/LYPES/pests,LYPES,pests,SLCV00,Begomovirus cucurbitapeponis,9,Host,"* Haj Ahmad F, Odeh W, Anfoka G (2013) First report on the association of Squash leaf curl virus and Watermelon chlorotic stunt virus with tomato yellow leaf curl disease. Plant Disease 7(3), 428. http://dx.doi.org/10.1094/PDIS-08-12-0712-PDN

* Fontenele RS, Bhaskara A, Cobb IN, Majure LC, Salywon AM, Avalos-Calleros JA, Argüello-Astorga GR, Schmidlin K, Roumagnac P, Ribeiro SG, Kraberger S (2021) Identification of the begomoviruses squash leaf curl virus and watermelon chlorotic stunt virus in various plant samples in North America. Viruses 13(5), 810. https://doi.org/10.3390/v13050810",SLCV00,Begomovirus cucurbitapeponis,LYPES,Host,,eppocode,prefname,begomovirus cucurbitapeponis,,virus,not_detected
2026-05-06T14:07:53.270682,/taxons/taxon/LYPES/pests,LYPES,pests,SYNCEN,Synchytrium endobioticum,10,Experimental,"* Hampson MC (1976) Infection of additional hosts of Synchytrium endobioticum, the causal agent of potato wart disease : I. Tomato. Canadian Plant Disease Survey 56, 93-94",SYNCEN,Synchytrium endobioticum,LYPES,Experimental,,eppocode,prefname,synchytrium endobioticum,,fungus,not_detected
2026-05-06T14:07:53.270682,/taxons/taxon/LYPES/pests,LYPES,pests,TASVD0,Pospiviroid apicimpeditum,1,Major host,"* Antignus Y, Lachman O, Pearlsmand M, Gofman R, Bar-Joseph M (2002) A new disease of greenhouse tomatoes in Israel caused by a distinct strain to Tomato apical stunt viroid (TASVd). Phytoparasitica, 30(5), 502-510.",TASVD0,Pospiviroid apicimpeditum,LYPES,Major host,,eppocode,prefname,pospiviroid apicimpeditum,,viroid,not_detected
2026-05-06T14:07:53.270682,/taxons/taxon/LYPES/pests,LYPES,pests,TBRV00,Nepovirus nigranuli,1,Major host,"* Zarzyńska‐Nowak A, Hasiów‐Jaroszewska B, Budzyńska D, Trzmiel K (2020) Genetic variability of Polish tomato black ring virus isolates and their satellite RNAs. Plant Pathology 69(8), 1034– 1041. https://doi.org/10.1111/ppa.13188",TBRV00,Nepovirus nigranuli,LYPES,Major host,,eppocode,prefname,nepovirus nigranuli,,virus,not_detected
2026-05-06T14:07:53.270682,/taxons/taxon/LYPES/pests,LYPES,pests,TBSV00,Tombusvirus lycopersici,9,Host,"* Kim MK, Kwak HR, Jeong SG, Ko SJ, Lee SH, Park JW, Kim KH, Choi HS, Cha BJ (2007) First report on Tomato bushy stunt virus infecting tomato in Korea. The Plant Pathology Journal. 23(3), 143-150.",TBSV00,Tombusvirus lycopersici,LYPES,Host,,eppocode,prefname,tombusvirus lycopersici,,virus,not_detected
2026-05-06T14:07:53.270682,/taxons/taxon/LYPES/pests,LYPES,pests,TCDVD0,Pospiviroid chloronani,1,Major host,"* Ling KS, Verhoeven JTJ, Singh RP, Brown JK (2009) First report of Tomato chlorotic dwarf viroid in greenhouse tomatoes in Arizona. Plant Disease 93(10), p 1075.",TCDVD0,Pospiviroid chloronani,LYPES,Major host,,eppocode,prefname,pospiviroid chloronani,,viroid,not_detected
2026-05-06T14:07:53.270682,/taxons/taxon/LYPES/pests,LYPES,pests,TCSV00,Orthotospovirus tomatoflavi,1,Major host,"* Londoño A, Capobianco H, Zhang S, Polston J (2012) First record of Tomato chlorotic spot virus in the USA. Tropical Plant Pathology 37(5), 333-338.",TCSV00,Orthotospovirus tomatoflavi,LYPES,Major host,,eppocode,prefname,orthotospovirus tomatoflavi,,virus,not_detected
2026-05-06T14:07:53.270682,/taxons/taxon/LYPES/pests,LYPES,pests,TGMV00,Begomovirus solanumaureimusivi,1,Major host,"* Hamilton WD, Sanders RC, Coutts RH, Buck KW (1981) Characterisation of tomato golden mosaic virus as a geminivirus. FEMS Microbiology Letters 11(4), 263-267.",TGMV00,Begomovirus solanumaureimusivi,LYPES,Major host,,eppocode,prefname,begomovirus solanumaureimusivi,,virus,not_detected
2026-05-06T14:07:53.270682,/taxons/taxon/LYPES/pests,LYPES,pests,TICV00,Crinivirus contagichlorosis,1,Major host,"* Anfoka GH, Abhary MK (2007) Occurrence of Tomato infectious chlorosis virus (TICV) in Jordan. EPPO Bulletin 37, 186–190.",TICV00,Crinivirus contagichlorosis,LYPES,Major host,,eppocode,prefname,crinivirus contagichlorosis,,virus,not_detected
2026-05-06T14:07:53.270682,/taxons/taxon/LYPES/pests,LYPES,pests,TLCRV0,Begomovirus solanumflavi,1,Major host,,TLCRV0,Begomovirus solanumflavi,LYPES,Major host,,eppocode,prefname,begomovirus solanumflavi,,virus,not_detected
2026-05-06T14:07:53.270682,/taxons/taxon/LYPES/pests,LYPES,pests,TOANV0,Torradovirus marchitezum,1,Major host,"* Verbeek M, Dullemans AM, Van den Heuvel JF, Maris PC, Van der Vlugt RA (2008) Tomato marchitez virus, a new plant picorna-like virus from tomato related to tomato torrado virus. Archives of virology 153(1), 127-134.
------- confirmed host.",TOANV0,Torradovirus marchitezum,LYPES,Major host,,eppocode,prefname,torradovirus marchitezum,,virus,not_detected
2026-05-06T14:07:53.270682,/taxons/taxon/LYPES/pests,LYPES,pests,TOBRFV,Tobamovirus fructirugosum,1,Major host,"* Luria N, Smith E, Reingold V, Bekelman I, Lapidot M, Levin I, Elad N, Tam Y, Sela N, Abu-Ras A, Ezra N(2017) A new Israeli Tobamovirus isolate infects tomato plants harboring Tm-22 resistance genes. PLoS ONE 12(1): e0170429. https://doi.org/10.1371/journal.pone.0170429
------- confirmed host.

* Jewehan A, Salem N, Tóth Z, Salamon P, Szabó Z (2021) Screening of Solanum (sections Lycopersicon and Juglandifolia) germplasm for reactions to the tomato brown rugose fruit virus (ToBRFV). Journal of Plant Diseases and Protection. https://doi.org/10.1007/s41348-021-00535-x",TOBRFV,Tobamovirus fructirugosum,LYPES,Major host,,eppocode,prefname,tobamovirus fructirugosum,,virus,not_detected
2026-05-06T14:07:53.270682,/taxons/taxon/LYPES/pests,LYPES,pests,TOCHV0,Tomato chocolàte virus,1,Major host,"* Verbeek M, Dullemans A, van den Heuvel H, Maris P, van der Vlugt R (2010) Tomato chocolàte virus: a new plant virus infecting tomato and a proposed member of the genus Torradovirus. Archives of Virology 155, 751-755.",TOCHV0,Tomato chocolàte virus,LYPES,Major host,,eppocode,prefname,tomato chocolate virus,,virus,not_detected
2026-05-06T14:07:53.270682,/taxons/taxon/LYPES/pests,LYPES,pests,TOCV00,Crinivirus tomatichlorosis,1,Major host,"* Shakeel MT, Al‐Saleh MA, Amer MA, Al‐Shahwan IM, Umar M, Dimou N, Orfanidou CG, Zakri AM, Katis NI (2017) Molecular characterization and natural host range of Tomato chlorosis virus in Saudi Arabia. Journal of Plant Pathology 99, 415–421. http://dx.doi.org/10.4454/jpp.v99i2.3860
------- Confirmed host.

* Wisler GC, Li RH, Liu HY, Lowry DS, Duffus JE (1998) Tomato chlorosis virus: A new whitefly‐transmitted, phloem limited, bipartite closterovirus of tomato. Phytopathology, 88, 402–409.",TOCV00,Crinivirus tomatichlorosis,LYPES,Major host,,eppocode,prefname,crinivirus tomatichlorosis,,virus,not_detected
2026-05-06T14:07:53.270682,/taxons/taxon/LYPES/pests,LYPES,pests,TODLCV,Tomato dwarf leaf curl virus,1,Major host,"* Roye, M.E.; Wernecke, M.E.; McLaughlin, W.A.; Nakhla, M.K.; Maxwell, D.P. (1999) Tomato dwarf leaf curl virus, a new bipartite geminivirus associated with tomatoes and peppers in Jamaica and mixed infection with tomato yellow leaf curl virus. Plant Pathology, 48(3), 370-378.",TODLCV,Tomato dwarf leaf curl virus,LYPES,Major host,,eppocode,prefname,tomato dwarf leaf curl virus,,virus,not_detected
2026-05-06T14:07:53.270682,/taxons/taxon/LYPES/pests,LYPES,pests,TOFBV0,Blunervirus solani,1,Major host,"* Ciuffo M, Kinoti WM, Tiberini A, Forgia M, Tomassoli L, Constable FE, Turina M (2020) A new blunervirus infects tomato crops in Italy and Australia. Archives of Virology 165, 2379-2384.",TOFBV0,Blunervirus solani,LYPES,Major host,,eppocode,prefname,blunervirus solani,,virus,not_detected
2026-05-06T14:07:53.270682,/taxons/taxon/LYPES/pests,LYPES,pests,TOLCND,Begomovirus solanumdelhiense,1,Major host,"Damage on tomato is high for strains other than strain Es.

* Padidam M, Beachy RN and Fauquet CM, 1995. Tomato leaf curl geminivirus from India has a bipartite genome and coat protein is not essential for infectivity. Journal of General Virology, 76, 25–35.
------- confirmed host (first description of the virus)

* Rabadan MP, Aranda MA, Gomez P, Juarez M, Tayahi M (2019) El virus de rizado del tomate de Nueva Delhi (ToLCNDV) en cultivos y malas hierbas. Phytoma-Espana no.  306, 18-25.
------- Low incidence.

* Ruiz ML, Simon A, Velasco L, Garcia MC, Janssen D (2015) First report of Tomato leaf curl New Delhi virus infecting tomato in Spain. Plant Disease 99, 894-894.",TOLCND,Begomovirus solanumdelhiense,LYPES,Major host,,eppocode,prefname,begomovirus solanumdelhiense,,virus,not_detected
2026-05-06T14:07:53.270682,/taxons/taxon/LYPES/pests,LYPES,pests,TOLCSI,Begomovirus solanumsinaloaense,1,Major host,,TOLCSI,Begomovirus solanumsinaloaense,LYPES,Major host,,eppocode,prefname,begomovirus solanumsinaloaense,,virus,not_detected
2026-05-06T14:07:53.270682,/taxons/taxon/LYPES/pests,LYPES,pests,TOMMOV,Ipomovirus lycopersici,1,Major host,"* Hiskias Y, Lesemann DE, Vetten HJ (1999) Occurrence, distribution and relative importance of viruses infecting hot pepper and tomato in the major growing areas of Ethiopia.  Journal of Phytopathology 147(1), 5-11.

* Nakhla MK, Sorensen A, Maxwell DP, Mejia L, Ramirez P, Karkashian J (2004) Molecular characterization of tomato-infecting begomoviruses in Central America and development of DNA-based detection methods. Acta Horticulturae no. 695, 277-288.

* Walkey DGA (1992) Two possible new potyviruses from the Yemen. Abstract of a paper presented at the 7th Conference ISHS Vegetable Virus Working Group (Athens, GR, 1992-07-12/16), 27-28.",TOMMOV,Ipomovirus lycopersici,LYPES,Major host,,eppocode,prefname,ipomovirus lycopersici,,virus,not_detected
2026-05-06T14:07:53.270682,/taxons/taxon/LYPES/pests,LYPES,pests,TOMMV0,Tobamovirus maculatessellati,1,Major host,"* Li R, Gao S, Fei Z, Ling KS (2013) Complete genome sequence of a new tobamovirus naturally infecting tomatoes in Mexico. Genome Announcements 1(5), e00794-13.

* Li Y, Wang Y, Hu J, Xiao L, Tan G, Lan P, Liu Y, Li F (2017) The complete genome sequence, occurrence and host range of Tomato mottle mosaic virus Chinese isolate. Virology Journal 14, 15. doi: 10.1186/s12985-016-0676-2
------ Mosaic, blistering and distortion.

* Zhan BH, Cao N, Wang KN, Zhou XP (2018) Detection and characterization of an isolate of Tomato mottle mosaic virus infecting tomato in China. Journal of Integrative Agriculture 17(5), 1207-1212. 
------- Confirmed host.

* Webster CG, Rosskopf EN, Lucas L, Mellinger HC, Adkins S (2014) First report of Tomato mottle mosaic virus infecting tomato in the United States. Plant Health Progress. https://doi.org/10.1094/PHP-BR-14-0023",TOMMV0,Tobamovirus maculatessellati,LYPES,Major host,,eppocode,prefname,tobamovirus maculatessellati,,virus,not_detected
2026-05-06T14:07:53.270682,/taxons/taxon/LYPES/pests,LYPES,pests,TOMOTV,Begomovirus solanumtainoense,1,Major host,,TOMOTV,Begomovirus solanumtainoense,LYPES,Major host,,eppocode,prefname,begomovirus solanumtainoense,,virus,not_detected
2026-05-06T14:07:53.270682,/taxons/taxon/LYPES/pests,LYPES,pests,TOMOV0,Begomovirus solanumvariati,1,Major host,"* Abouzid AM, Polston JE, Hiebert E (1992) The nucleotide sequence of tomato mottle virus, a new geminivirus isolated from tomatoes in Florida. Journal of General Virology 73, 3225-3229.

* Polston JE, Hiebert E, McGovern RJ, Stansly PA, Schuster DJ (1993) Host range of tomato mottle virus, a new geminivirus infecting tomato in Florida. Plant Disease 77, 1181-1184.",TOMOV0,Begomovirus solanumvariati,LYPES,Major host,,eppocode,prefname,begomovirus solanumvariati,,virus,not_detected
2026-05-06T14:07:53.270682,/taxons/taxon/LYPES/pests,LYPES,pests,TORSV0,Nepovirus lycopersici,9,Host,"* Akdura N, Sevik M (2021) Investigation of Tomato ringspot virus (ToRSV) by real-time TaqMan RT-PCR in Hakkari Province, Turkey. Journal of Agricultural Sciences (Tarim Bilimleri Dergisi) 27(3), 335-340.

* Moussa AB, Makni M, Marrakchi M (2000) Identification of the principal viruses infecting tomato crops in Tunisia. EPPO Bulletin 30(2), 293-296.",TORSV0,Nepovirus lycopersici,LYPES,Host,,eppocode,prefname,nepovirus lycopersici,,virus,not_detected
2026-05-06T14:07:53.270682,/taxons/taxon/LYPES/pests,LYPES,pests,TOSRV0,Begomovirus solanumseverugosi,1,Major host,"* Gorayeb ES, do Nascimento SC, dos Santos AN, Batalhon L, Albuquerque MR, de Oliveira VG, de Souza VB, Bogo A, da Silva FN (2024) Survey of viruses and vectors in tomato plants, alternative hosts and weeds in the state of Santa Catarina, Brazil. Plant Pathology 73(2), 444-454.",TOSRV0,Begomovirus solanumseverugosi,LYPES,Major host,,eppocode,prefname,begomovirus solanumseverugosi,,virus,not_detected
2026-05-06T14:07:53.270682,/taxons/taxon/LYPES/pests,LYPES,pests,TOTV00,Torradovirus lycopersici,1,Major host,"* Alfaro-Fernández, A, Córdoba-Sellés MC, Juárez M, Herrera-Vásquez JA, Sánchez-Navarro JA, Cebrián MC, Font MI, Jordá C (2010) Occurrence and geographical distribution of the ‘Torrado’ disease in Spain. Journal of Phytopathology 158(7-8), 457-469.

* Alfaro-Fernández A, Córdoba-Sellés C, Cebrián MC, Sánchez-Navarro JA, Espino A, Martín R, Jordá C (2007) First report of Tomato torrado virus in tomato in the Canary Islands, Spain. Plant Disease 91(8), p 1060.

* Moodley V, Gubba A, Mafongoya PL (2020) Emergence and full genome analysis of tomato torrado virus in South Africa. Viruses 12(10),1167. https://doi.org/10.3390/v12101167

* Verbeek M, Dullemans AM, van den Heuvel JFJM, Maris PC, van der Vlugt RAA (2007) Identification and characterization of tomato torrado virus, a new plant picorna-like virus from tomato. Archives of Virology 152(5), 881-890.",TOTV00,Torradovirus lycopersici,LYPES,Major host,,eppocode,prefname,torradovirus lycopersici,,virus,not_detected
2026-05-06T14:07:53.270682,/taxons/taxon/LYPES/pests,LYPES,pests,TOYVSV,Begomovirus solanumflavusvenae,1,Major host,"* Faria JC, Souza JAC, Slack SA, Maxwell DP (1997) A new geminivirus associated with tomato in the State of São Paulo, Brazil. Plant Disease, 81(4), p 423.",TOYVSV,Begomovirus solanumflavusvenae,LYPES,Major host,,eppocode,prefname,begomovirus solanumflavusvenae,,virus,not_detected
2026-05-06T14:07:53.270682,/taxons/taxon/LYPES/pests,LYPES,pests,TRSV00,Nepovirus nicotianae,9,Host,"* Šneideris D, Zitikaitė I, Žižytė M, Grigaliūnaitė B, Staniulis J (2012) Identification of nepoviruses in tomato (Lycopersicon esculentum Mill.). Žemdirbystė (= Agriculture) 99, 173-8.",TRSV00,Nepovirus nicotianae,LYPES,Host,,eppocode,prefname,nepovirus nicotianae,,virus,not_detected
2026-05-06T14:07:53.270682,/taxons/taxon/LYPES/pests,LYPES,pests,TRV000,Tobravirus tabaci,9,Host,"* Ben Moussa A, Makni M, Marrakchi M (2000) Identification of the principal viruses infecting tomato crops in Tunisia. EPPO Bulletin 30(2), 293-296.",TRV000,Tobravirus tabaci,LYPES,Host,,eppocode,prefname,tobravirus tabaci,,virus,not_detected
2026-05-06T14:07:53.270682,/taxons/taxon/LYPES/pests,LYPES,pests,TSWV00,Orthotospovirus tomatomaculae,1,Major host,"* Parrella G, Gognalons P, Gebre-Selassie K, Vovlas C, Marchoux G (2003) An update of the host range of tomato spotted wilt virus. Journal of Plant Pathology 85(4), 227-264.
------- Confirmed host.",TSWV00,Orthotospovirus tomatomaculae,LYPES,Major host,,eppocode,prefname,orthotospovirus tomatomaculae,,virus,not_detected
2026-05-06T14:07:53.270682,/taxons/taxon/LYPES/pests,LYPES,pests,TYLCSV,Begomovirus solanumflavusardiniaense,1,Major host,"* Anfoka GH, Abhary M, Haj Ahmad F, Hussein AF, Rezk A, Akad F, Abou-Jawdah Y, Lapidot M, Vidavski F, Nakhla MK, Sobh H, Atamian H, Cohen L, Sobol I, Mazyad H, Maxwell DP, Czosnek H (2008) Survey of tomato yellow leaf curl disease-associated viruses in the Eastern Mediterranean Basin. Journal of Plant Pathology 90(2), 313-322.",TYLCSV,Begomovirus solanumflavusardiniaense,LYPES,Major host,,eppocode,prefname,begomovirus solanumflavusardiniaense,,virus,not_detected
2026-05-06T14:07:53.270682,/taxons/taxon/LYPES/pests,LYPES,pests,TYLCV0,Begomovirus coheni,1,Major host,"* Basak J (2016) Tomato yellow leaf curl virus: a serious threat to tomato plants world wide. Journal of Plant Pathology and Microbiology, 7(4), 346.

* Cohen S, Antignus Y (1994) Tomato yellow leaf curl virus, a whitefly-borne geminivirus of tomatoes. In Advances in disease vector research. Springer New York, pp. 259-288.

* Moriones E, Navas-Castillo J (2000) Tomato yellow leaf curl virus, an emerging virus complex causing epidemics worldwide. Virus Research 71, 123–134.",TYLCV0,Begomovirus coheni,LYPES,Major host,,eppocode,prefname,begomovirus coheni,,virus,not_detected
2026-05-06T14:07:53.270682,/taxons/taxon/LYPES/pests,LYPES,pests,TZSV00,Orthotospovirus tomatozonae,9,Host,"* Dong JH, Cheng XF, Yin YY, Fang Q, Ding M, Li TT, Zhang LZ, Su XX, McBeath JH, Zhang ZK (2008) Characterization of tomato zonate spot virus, a new tospovirus in China. Archives of Virology 153(5), 855-864.",TZSV00,Orthotospovirus tomatozonae,LYPES,Host,,eppocode,prefname,orthotospovirus tomatozonae,,virus,not_detected
2026-05-06T14:07:53.270682,/taxons/taxon/LYPES/pests,LYPES,pests,VERTAA,Verticillium alboatrum sensu lato,9,Host,,VERTAA,Verticillium alboatrum sensu lato,LYPES,Host,,eppocode,prefname,verticillium alboatrum sensu lato,,fungus,not_detected
2026-05-06T14:07:53.270682,/taxons/taxon/LYPES/pests,LYPES,pests,VERTDA,Verticillium dahliae,9,Host,"* Inderbitzin P, Subbarao KV (2014) Verticillium systematics and evolution: how confusion impedes Verticillium wilt management and how to resolve it. Phytopathology 104(6), 564-574. https://doi.org/10.1094/PHYTO-11-13-0315-IA",VERTDA,Verticillium dahliae,LYPES,Host,,eppocode,prefname,verticillium dahliae,,fungus,not_detected
2026-05-06T14:07:53.270682,/taxons/taxon/LYPES/pests,LYPES,pests,VERTNO,Verticillium nonalfalfae,9,Host,"* Inderbitzin P, Subbarao KV (2014) Verticillium systematics and evolution: how confusion impedes Verticillium wilt management and how to resolve it. Phytopathology 104(6), 564-574. https://doi.org/10.1094/PHYTO-11-13-0315-IA",VERTNO,Verticillium nonalfalfae,LYPES,Host,,eppocode,prefname,verticillium nonalfalfae,,fungus,not_detected
2026-05-06T14:07:53.270682,/taxons/taxon/LYPES/pests,LYPES,pests,WMCSV0,Begomovirus citrulli,9,Host,"* Ahmad FH, Odeh W, Anfoka G (2013) First report on the association of Squash leaf curl virus and Watermelon chlorotic stunt virus with Tomato Yellow Leaf Curl Disease. Plant Disease 97(3), 428.  https://doi.org/10.1094/PDIS-08-12-0712-PDN",WMCSV0,Begomovirus citrulli,LYPES,Host,,eppocode,prefname,begomovirus citrulli,,virus,not_detected
2026-05-06T14:07:53.270682,/taxons/taxon/LYPES/pests,LYPES,pests,WMSMOV,Orthotospovirus citrullomaculosi,9,Host,"* Chiemsombat P, Gajanandana O, Warin N, Hongprayoon R, Bhunchoth A, Pongsapich P (2008) Biological and molecular characterization of tospoviruses in Thailand. Archives of Virology 153, 571-577.

* Yin YY, Li TT, Lu X, Gu ZL, Zhao LL, Guo M, Zhao JF, Ding M (2016) First report of Watermelon silver mottle virus infecting tomato in Yunnan, China. Journal of Plant Pathology 98(3), p 681.",WMSMOV,Orthotospovirus citrullomaculosi,LYPES,Host,,eppocode,prefname,orthotospovirus citrullomaculosi,,virus,not_detected
2026-05-06T14:07:53.270682,/taxons/taxon/LYPES/pests,LYPES,pests,XANTAV,Xanthomonas axonopodis pv. vesicatoria (no longer in use),1,Major host,,XANTAV,Xanthomonas axonopodis pv. vesicatoria (no longer in use),LYPES,Major host,,eppocode,prefname,xanthomonas axonopodis pv. vesicatoria (no longer in use),,bacteria,not_detected
2026-05-06T14:07:53.270682,/taxons/taxon/LYPES/pests,LYPES,pests,XANTEU,Xanthomonas euvesicatoria pv. euvesicatoria,1,Major host,"* Ma X, Lewis Ivey ML, Miller SA (2011) First report of Xanthomonas gardneri causing bacterial spot of tomato in Ohio and Michigan. Plant Disease 95(2), p 1584.",XANTEU,Xanthomonas euvesicatoria pv. euvesicatoria,LYPES,Major host,,eppocode,prefname,xanthomonas euvesicatoria pv. euvesicatoria,,bacteria,not_detected
2026-05-06T14:07:53.270682,/taxons/taxon/LYPES/pests,LYPES,pests,XANTGA,Xanthomonas hortorum pv. gardneri,1,Major host,"* Ma X, Lewis Ivey ML, Miller SA (2011) First report of Xanthomona gardneri causing bacterial spot of tomato in Ohio and Michigan. Plant Disease 95(2), p 1584.",XANTGA,Xanthomonas hortorum pv. gardneri,LYPES,Major host,,eppocode,prefname,xanthomonas hortorum pv. gardneri,,bacteria,not_detected
2026-05-06T14:07:53.270682,/taxons/taxon/LYPES/pests,LYPES,pests,XANTPF,Xanthomonas euvesicatoria pv. perforans,1,Major host,"* Aiello D, Scuderi G, Vitale A, Firrao G, Polizzi G, Cirvilleri G (2013) A pith necrosis caused by Xanthomonas perforans on tomato plants. European Journal of Plant Pathology 137(1), 29-41.",XANTPF,Xanthomonas euvesicatoria pv. perforans,LYPES,Major host,,eppocode,prefname,xanthomonas euvesicatoria pv. perforans,,bacteria,not_detected
2026-05-06T14:07:53.270682,/taxons/taxon/LYPES/pests,LYPES,pests,XANTVE,Xanthomonas vesicatoria,1,Major host,"* Roach R, Mann R, Gambly CG, Shivars RG, Rodoni B (2018) Identification of Xanthomonas species associated with bacterial leaf spot of tomato, capsicum and chilli crops in eastern Australia. European Journal of Plant Pathology 150(3), 595-608.",XANTVE,Xanthomonas vesicatoria,LYPES,Major host,,eppocode,prefname,xanthomonas vesicatoria,,bacteria,not_detected
